id,category,name,calories,moisture,amino_acid_composition_protein,protein,triacylglycerol,cholesterol,fat,available_carbohydrates,carbohydrates,sodium,potassium,calcium,magnesium,phosphorus,iron,zinc,copper,manganese,iodine,selenium,chromium,molybdenum,vitaminA,vitaminD,vitaminE,vitaminK,vitaminB1,vitaminB2,vitaminB3,vitaminB6,vitaminB12,vitaminB9,vitaminB5,vitaminB7,vitaminC
1,4,あずき,304.0,14.2,17.8,20.8,0.8,0.0,2.0,37.7,59.6,1.0,1300.0,70.0,130.0,350.0,5.5,2.4,0.68,1.09,0.0,1.0,2.0,210.0,1.0,0.0,0.1,8.0,0.46,0.16,2.2,0.4,0.0,130.0,1.02,9.6,2.0
2,4,いんげんまめ,280.0,15.3,17.7,22.1,1.5,0.0,2.5,42.3,56.4,0.0,1400.0,140.0,150.0,370.0,5.9,2.5,0.77,1.93,0.0,1.0,3.0,110.0,0.0,0.0,0.1,8.0,0.64,0.16,2.0,0.37,0.0,87.0,0.65,9.5,0.0
3,4,青えんどう,310.0,13.4,17.8,21.7,1.5,0.0,2.3,47.8,60.4,1.0,870.0,65.0,120.0,360.0,5.0,4.1,0.49,0.0,1.0,11.0,2.0,280.0,8.0,0.0,0.1,16.0,0.72,0.15,2.5,0.29,0.0,24.0,1.74,16.0,0.0
4,4,赤えんどう,310.0,13.4,17.8,21.7,1.5,0.0,2.3,47.8,60.4,1.0,870.0,65.0,120.0,360.0,5.0,4.1,0.49,0.0,1.0,11.0,2.0,280.0,1.0,0.0,0.1,16.0,0.72,0.15,2.5,0.29,0.0,24.0,1.74,16.0,0.0
5,4,ささげ,280.0,15.5,19.6,23.9,1.3,0.0,2.0,41.5,55.0,1.0,1400.0,75.0,170.0,400.0,5.6,4.9,0.71,0.0,0.0,6.0,6.0,380.0,2.0,0.0,0.0,14.0,0.5,0.1,2.5,0.24,0.0,300.0,1.3,11.0,0.0
6,4,そらまめ,323.0,13.3,20.5,26.0,1.3,0.0,2.0,52.8,55.9,1.0,1100.0,100.0,120.0,440.0,5.7,4.6,1.2,0.0,0.0,3.0,1.0,260.0,0.0,0.0,0.7,13.0,0.5,0.2,2.5,0.41,0.0,260.0,0.48,13.0,0.0
7,4,だいず　青大豆,354.0,12.5,31.4,33.5,16.9,0.0,19.3,12.9,30.1,3.0,1700.0,160.0,200.0,600.0,6.5,3.9,0.96,2.11,0.0,9.0,1.0,450.0,1.0,0.0,2.3,36.0,0.74,0.24,2.4,0.55,0.0,260.0,0.83,24.0,2.0
8,4,木綿豆腐,73.0,85.9,6.7,7.0,4.5,0.0,4.9,0.9,1.5,9.0,110.0,93.0,57.0,88.0,1.5,0.6,0.16,0.41,6.0,4.0,4.0,44.0,0.0,0.0,0.2,6.0,0.09,0.04,0.2,0.05,0.0,12.0,0.02,4.1,0.0
9,4,絹ごし豆腐,56.0,88.5,5.3,5.3,3.2,0.0,3.5,1.1,2.0,11.0,150.0,75.0,50.0,68.0,1.2,0.5,0.16,0.34,1.0,1.0,1.0,69.0,0.0,0.0,0.1,9.0,0.11,0.04,0.2,0.06,0.0,12.0,0.09,3.5,0.0
10,4,ソフト豆腐,56.0,88.9,5.0,5.1,3.0,0.0,3.3,1.9,2.0,7.0,150.0,91.0,32.0,82.0,0.7,0.5,0.16,0.33,0.0,0.0,0.0,0.0,0.0,0.0,0.1,10.0,0.07,0.03,0.1,0.07,0.0,10.0,0.1,0.0,0.0
11,4,充てん豆腐,56.0,88.6,5.1,5.0,2.8,0.0,3.1,2.4,2.5,10.0,200.0,31.0,68.0,83.0,0.8,0.6,0.18,0.43,0.0,0.0,0.0,0.0,0.0,0.0,0.3,11.0,0.15,0.05,0.3,0.09,0.0,23.0,0.12,0.0,0.0
12,4,沖縄豆腐,99.0,81.8,8.8,9.1,6.6,0.0,7.2,1.1,0.7,170.0,180.0,120.0,66.0,130.0,1.7,1.0,0.19,0.93,0.0,0.0,0.0,0.0,0.0,0.0,0.4,16.0,0.1,0.04,0.2,0.06,0.0,14.0,0.0,0.0,0.0
13,4,ゆし豆腐,47.0,90.0,4.1,4.3,2.6,0.0,2.8,1.8,1.7,240.0,210.0,36.0,43.0,71.0,0.7,0.5,0.14,0.3,0.0,0.0,0.0,0.0,0.0,0.0,0.1,9.0,0.1,0.04,0.2,0.07,0.0,13.0,0.2,0.0,0.0
14,4,焼き豆腐,82.0,84.8,7.8,7.8,5.2,0.0,5.7,1.0,1.0,4.0,90.0,150.0,37.0,110.0,1.6,0.8,0.16,0.6,0.0,0.0,0.0,0.0,0.0,0.0,0.2,14.0,0.07,0.03,0.1,0.05,0.0,12.0,0.06,0.0,0.0
15,4,油揚げ,377.0,39.9,23.0,23.4,31.2,0.0,34.4,2.8,0.4,4.0,86.0,310.0,150.0,350.0,3.2,2.5,0.22,1.55,1.0,8.0,5.0,97.0,0.0,0.0,1.3,67.0,0.06,0.04,0.2,0.07,0.0,18.0,0.07,7.1,0.0
16,4,おから,88.0,75.5,5.4,6.1,3.4,0.0,3.6,3.2,13.8,5.0,350.0,81.0,40.0,99.0,1.3,0.6,0.14,0.4,1.0,1.0,1.0,45.0,0.0,0.0,0.4,8.0,0.11,0.03,0.2,0.06,0.0,14.0,0.31,4.1,0.0
17,4,豆乳,43.0,90.8,3.4,3.6,2.6,0.0,2.8,1.6,2.3,2.0,190.0,15.0,25.0,49.0,1.2,0.3,0.12,0.23,0.0,1.0,0.0,54.0,0.0,0.0,0.1,4.0,0.03,0.02,0.5,0.06,0.0,28.0,0.28,3.8,0.0
18,4,湯葉,218.0,59.1,21.4,21.8,12.3,0.0,13.7,5.1,4.1,4.0,290.0,90.0,80.0,250.0,3.6,2.2,0.7,0.0,1.0,3.0,1.0,100.0,1.0,0.0,0.9,22.0,0.17,0.09,0.3,0.13,0.0,25.0,0.34,14.0,0.0
19,4,つるあずき,297.0,12.0,17.8,20.8,1.0,0.0,1.6,43.3,61.8,1.0,1400.0,280.0,230.0,320.0,11.0,3.1,0.73,2.92,0.0,3.0,4.0,220.0,2.0,0.0,0.1,50.0,0.5,0.13,2.0,0.28,0.0,210.0,0.75,9.7,3.0
20,4,ひよこまめ,336.0,10.4,16.7,20.0,4.3,0.0,5.2,49.4,61.5,17.0,1200.0,100.0,140.0,270.0,2.6,3.2,0.84,0.0,1.0,11.0,1.0,150.0,2.0,0.0,2.5,9.0,0.37,0.15,1.5,0.64,0.0,350.0,1.77,21.0,0.0
21,4,べにばないんげん,273.0,15.4,13.8,17.2,1.2,0.0,1.7,38.4,61.2,1.0,1700.0,78.0,190.0,430.0,5.4,3.4,0.74,1.5,0.0,1.0,2.0,41.0,0.0,0.0,0.1,8.0,0.67,0.15,2.5,0.51,0.0,140.0,0.81,8.4,0.0
22,4,やぶまめ,383.0,13.1,0.0,23.4,0.0,0.0,10.1,49.5,49.5,5.0,1700.0,55.0,63.0,230.0,2.4,1.4,0.31,1.03,0.0,1.0,0.0,460.0,0.0,0.0,0.0,0.0,0.0,0.0,0.0,0.0,0.0,0.0,0.0,0.0,0.0
23,4,らいまめ,306.0,11.7,18.8,21.9,1.3,0.0,1.8,44.8,60.8,0.0,1800.0,78.0,170.0,250.0,6.2,2.9,0.7,1.85,0.0,17.0,3.0,380.0,0.0,0.0,0.1,6.0,0.47,0.16,1.9,0.4,0.0,120.0,1.05,9.2,0.0
24,4,りょくとう,319.0,10.8,20.7,25.1,1.0,0.0,1.5,49.4,59.1,0.0,1300.0,100.0,150.0,320.0,5.9,4.0,0.91,0.0,0.0,2.0,3.0,410.0,13.0,0.0,0.3,36.0,0.7,0.22,2.1,0.52,0.0,460.0,1.66,11.0,0.0
25,4,レンズまめ,313.0,12.0,19.7,23.2,1.0,0.0,1.5,47.9,60.7,0.0,1000.0,57.0,100.0,430.0,9.0,4.8,0.95,1.57,0.0,54.0,2.0,180.0,3.0,0.0,0.8,17.0,0.52,0.17,2.5,0.55,0.0,77.0,1.58,23.0,1.0
26,5,アーモンド,609.0,4.7,18.7,19.6,51.9,0.0,51.8,11.5,20.9,1.0,760.0,250.0,290.0,460.0,3.6,3.6,1.17,2.45,0.0,0.0,0.0,0.0,1.0,0.0,30.0,0.0,0.2,1.06,3.6,0.09,0.0,65.0,0.49,0.0,0.0
27,5,あさ,450.0,4.6,25.7,29.9,27.3,0.0,28.3,14.0,31.7,2.0,340.0,130.0,400.0,1100.0,13.0,6.1,1.32,9.97,0.0,4.0,9.0,45.0,2.0,0.0,1.8,51.0,0.35,0.19,2.3,0.4,0.0,82.0,0.57,28.0,0.0
28,5,えごま,523.0,5.6,16.9,17.7,40.6,0.0,43.4,12.2,29.4,2.0,590.0,390.0,230.0,550.0,16.0,3.8,1.93,3.09,0.0,3.0,2.0,48.0,2.0,0.0,1.3,1.0,0.54,0.29,7.6,0.55,0.0,59.0,1.65,35.0,0.0
29,5,かや,629.0,1.2,0.0,8.7,56.2,0.0,64.9,13.1,22.6,6.0,470.0,58.0,200.0,300.0,3.3,3.7,0.92,2.62,0.0,0.0,0.0,0.0,6.0,0.0,8.5,3.0,0.02,0.04,1.5,0.17,0.0,55.0,0.62,0.0,2.0
30,5,ぎんなん,168.0,57.4,4.2,4.7,1.3,0.0,1.6,33.9,34.8,0.0,710.0,5.0,48.0,120.0,1.0,0.4,0.25,0.26,2.0,0.0,0.0,3.0,24.0,0.0,2.5,3.0,0.28,0.08,1.2,0.07,0.0,45.0,1.27,6.2,23.0
31,5,くり,152.0,58.4,2.9,3.5,0.5,0.0,0.6,30.8,36.7,1.0,460.0,23.0,45.0,72.0,0.7,0.6,0.37,1.07,0.0,0.0,0.0,0.0,3.0,0.0,0.0,0.0,0.17,0.08,1.0,0.26,0.0,76.0,1.06,0.0,26.0
32,5,くるみ,713.0,3.1,13.4,14.6,70.5,0.0,68.8,3.7,11.7,4.0,540.0,85.0,150.0,280.0,2.6,2.6,1.21,3.44,0.0,0.0,0.0,0.0,2.0,0.0,1.2,7.0,0.26,0.15,1.0,0.49,0.0,91.0,0.67,0.0,0.0
33,5,けし,555.0,3.0,20.2,19.3,47.6,0.0,49.1,5.8,21.8,4.0,700.0,1700.0,350.0,820.0,23.0,5.1,1.48,6.88,0.0,8.0,7.0,120.0,0.0,0.0,1.5,0.0,1.61,0.2,1.0,0.45,0.0,180.0,0.81,47.0,0.0
34,5,ココナッツ,676.0,2.5,5.6,6.1,64.3,0.0,65.8,11.5,23.7,10.0,820.0,15.0,110.0,140.0,2.8,1.4,0.8,1.41,0.0,0.0,0.0,0.0,0.0,0.0,0.0,0.0,0.03,0.03,1.0,0.09,0.0,10.0,0.25,0.0,0.0
35,5,ごま,604.0,4.7,19.3,19.8,53.0,0.0,53.8,7.0,16.5,2.0,400.0,1200.0,370.0,540.0,9.6,5.5,1.66,2.24,0.0,10.0,4.0,92.0,1.0,0.0,0.1,7.0,0.95,0.25,5.1,0.6,0.0,93.0,0.56,12.0,0.0
36,5,しい,244.0,37.3,2.6,3.2,0.8,0.0,0.8,54.9,57.6,1.0,390.0,62.0,82.0,76.0,0.9,0.1,0.36,2.72,0.0,0.0,0.0,0.0,1.0,0.0,0.1,16.0,0.28,0.09,1.3,0.19,0.0,8.0,0.59,0.0,110.0
37,5,チアシード,446.0,6.5,18.0,19.4,32.7,1.0,33.9,0.0,34.5,0.0,760.0,570.0,360.0,820.0,7.6,5.9,1.79,4.8,0.0,11.0,8.0,44.0,0.0,0.0,0.3,1.0,0.97,0.25,9.8,0.42,0.0,84.0,0.53,24.0,1.0
38,5,とち,148.0,58.0,1.5,1.7,0.0,0.0,1.9,27.8,34.2,250.0,1900.0,180.0,17.0,27.0,0.4,0.5,0.44,1.46,0.0,0.0,0.0,0.0,0.0,0.0,0.0,1.0,0.0,0.0,0.1,0.0,0.0,1.0,0.0,0.0,0.0
39,5,はす,327.0,11.2,18.0,18.3,1.6,0.0,2.3,54.9,64.3,6.0,1300.0,110.0,200.0,690.0,2.9,2.8,1.12,8.25,10.0,8.0,0.0,14.0,1.0,0.0,1.0,0.0,0.44,0.11,4.2,0.6,0.0,200.0,2.58,27.0,1.0
40,5,ひし,183.0,51.8,5.5,5.8,0.3,0.0,0.5,38.3,40.6,5.0,430.0,45.0,84.0,150.0,1.1,1.3,0.06,0.6,0.0,0.0,0.0,2.0,1.0,0.0,1.6,2.0,0.42,0.08,1.2,0.32,0.0,430.0,0.71,11.0,12.0
41,5,とうびし,122.0,64.3,2.6,2.7,0.2,0.0,0.4,23.2,31.4,13.0,470.0,27.0,49.0,140.0,0.7,0.9,0.07,0.35,0.0,1.0,0.0,2.0,0.0,0.0,1.4,1.0,0.25,0.03,2.2,0.18,0.0,110.0,0.36,8.7,7.0
42,5,ピスタチオ,617.0,2.2,16.2,17.4,55.9,0.0,56.1,13.1,20.9,270.0,970.0,120.0,120.0,440.0,3.0,2.5,1.15,0.0,0.0,0.0,0.0,0.0,10.0,0.0,1.4,29.0,0.43,0.24,1.0,1.22,0.0,59.0,1.06,0.0,0.0
43,5,ひまわりの種,603.0,2.6,19.2,20.1,49.0,0.0,56.3,17.4,17.2,250.0,750.0,81.0,390.0,830.0,3.6,5.0,1.81,2.33,0.0,95.0,1.0,28.0,1.0,0.0,12.0,0.0,1.72,0.25,6.7,1.18,0.0,280.0,1.66,80.1,0.0
44,5,ブラジルナッツ,703.0,2.8,14.1,14.9,68.9,0.0,69.1,3.4,9.6,78.0,620.0,200.0,370.0,680.0,2.6,4.0,1.95,1.29,0.0,0.0,0.0,0.0,1.0,0.0,4.1,0.0,0.88,0.26,1.5,0.25,0.0,1.0,0.23,0.0,0.0
45,5,ヘーゼルナッツ,701.0,1.0,11.0,13.6,69.3,0.0,69.3,9.1,13.9,35.0,610.0,130.0,160.0,320.0,3.0,2.0,1.64,5.24,0.0,1.0,1.0,6.0,0.0,0.0,18.0,4.0,0.26,0.28,1.0,0.39,0.0,54.0,1.07,82.0,0.0
46,5,ペカン,716.0,1.9,8.0,9.6,71.9,0.0,73.4,9.3,13.3,140.0,370.0,60.0,120.0,270.0,2.7,3.6,0.84,4.37,0.0,0.0,0.0,0.0,4.0,0.0,1.7,4.0,0.19,0.19,0.8,0.19,0.0,43.0,1.49,0.0,0.0
47,5,マカダミアナッツ,751.0,1.3,7.7,8.3,76.6,0.0,76.7,6.7,12.2,190.0,300.0,47.0,94.0,140.0,1.3,0.7,0.33,0.0,0.0,13.0,2.0,5.0,0.0,0.0,0.0,5.0,0.21,0.09,2.1,0.21,0.0,16.0,0.5,6.5,0.0
48,5,まつ,724.0,1.9,13.7,14.6,70.6,0.0,72.5,4.0,8.1,4.0,620.0,15.0,250.0,550.0,6.2,6.0,1.3,0.0,0.0,0.0,0.0,0.0,0.0,0.0,12.0,27.0,0.61,0.21,3.6,0.1,0.0,73.0,0.42,0.0,0.0
49,5,らっかせい,613.0,1.7,23.6,25.0,50.5,0.0,49.6,10.1,21.3,2.0,760.0,50.0,200.0,390.0,1.7,3.0,0.69,2.15,1.0,2.0,0.0,96.0,1.0,0.0,10.0,0.0,0.24,0.13,23.0,0.46,0.0,58.0,2.2,110.0,0.0
50,6,アーティチョーク,35.0,85.9,1.7,2.1,0.1,0.0,0.1,2.6,10.8,12.0,380.0,47.0,46.0,55.0,0.7,0.2,0.05,0.15,0.0,0.0,0.0,0.0,0.0,0.0,0.4,2.0,0.07,0.08,1.1,0.06,0.0,76.0,0.51,0.0,11.0
51,6,アイスプラント,5.0,96.2,0.5,0.5,0.0,0.0,0.3,0.2,1.2,380.0,260.0,18.0,11.0,24.0,0.2,0.2,0.03,0.83,4.0,0.0,0.0,28.0,100.0,0.0,0.5,73.0,0.02,0.05,0.2,0.05,0.0,24.0,0.1,0.7,9.0
52,6,あさつき,41.0,87.3,2.9,4.2,0.1,0.0,0.3,5.4,7.3,4.0,330.0,21.0,17.0,85.0,0.7,0.8,0.09,0.43,0.0,0.0,0.0,0.0,60.0,0.0,0.9,43.0,0.17,0.15,0.7,0.27,0.0,200.0,0.55,0.0,27.0
53,6,あしたば,28.0,89.5,2.1,2.9,0.0,0.0,0.1,2.1,6.6,43.0,390.0,58.0,20.0,51.0,0.5,0.3,0.13,0.92,0.0,0.0,0.0,0.0,440.0,0.0,2.7,380.0,0.07,0.16,0.8,0.1,0.0,75.0,0.45,0.0,23.0
54,6,アスパラガス,21.0,92.6,1.8,2.6,0.2,0.0,0.2,2.7,3.9,2.0,270.0,19.0,9.0,60.0,0.7,0.5,0.1,0.19,1.0,0.0,0.0,2.0,31.0,0.0,1.5,43.0,0.14,0.15,1.0,0.12,0.0,190.0,0.59,1.8,15.0
55,6,アロエ,3.0,99.0,0.0,0.0,0.0,0.0,0.1,0.3,0.7,8.0,43.0,56.0,4.0,2.0,0.0,0.0,0.0,0.02,0.0,0.0,0.0,0.0,0.0,0.0,0.0,0.0,0.0,0.0,0.0,0.01,0.0,4.0,0.06,0.0,1.0
56,6,さやいんげん,24.0,91.7,1.2,1.8,0.2,0.0,0.2,2.0,5.5,1.0,270.0,53.0,22.0,43.0,0.7,0.3,0.06,0.34,0.0,0.0,0.0,20.0,48.0,0.0,0.2,51.0,0.06,0.1,0.5,0.07,0.0,53.0,0.16,4.2,6.0
57,6,うど,13.0,95.7,0.6,0.6,0.0,0.0,0.0,1.8,3.4,0.0,200.0,6.0,8.0,23.0,0.1,0.1,0.04,0.03,0.0,0.0,0.0,0.0,0.0,0.0,0.1,2.0,0.01,0.02,0.5,0.03,0.0,19.0,0.08,0.0,3.0
58,6,やまうど,19.0,93.9,1.0,1.1,0.0,0.0,0.1,2.6,4.3,1.0,270.0,11.0,13.0,31.0,0.3,0.2,0.06,0.09,0.0,0.0,0.0,0.0,0.0,0.0,0.2,3.0,0.03,0.02,0.5,0.05,0.0,20.0,0.13,0.0,5.0
59,6,うるい,19.0,92.8,1.5,1.9,0.2,0.0,0.4,1.4,4.0,1.0,390.0,40.0,14.0,52.0,0.5,0.5,0.09,0.79,1.0,1.0,0.0,4.0,160.0,0.0,1.3,160.0,0.09,0.12,0.5,0.1,0.0,120.0,0.31,3.1,50.0
60,6,えだまめ,118.0,72.1,9.8,11.5,5.8,0.0,6.1,6.2,8.9,2.0,490.0,76.0,72.0,170.0,2.5,1.3,0.36,0.74,0.0,0.0,0.0,0.0,24.0,0.0,0.6,33.0,0.24,0.13,1.0,0.08,0.0,260.0,0.45,0.0,15.0
61,6,エンダイブ,14.0,94.6,0.9,1.2,0.1,0.0,0.2,1.1,2.9,35.0,270.0,51.0,19.0,30.0,0.6,0.4,0.05,1.1,0.0,0.0,0.0,0.0,140.0,0.0,0.8,120.0,0.06,0.08,0.3,0.08,0.0,90.0,0.16,0.0,7.0
62,6,トウミョウ,28.0,90.9,2.2,3.8,0.0,0.0,0.4,2.3,4.0,7.0,350.0,34.0,22.0,61.0,1.0,0.4,0.08,1.11,0.0,0.0,0.0,0.0,340.0,0.0,3.3,280.0,0.24,0.27,1.1,0.19,0.0,91.0,0.8,0.0,79.0
63,6,さやえんどう,36.0,89.1,1.8,3.2,0.2,0.0,0.2,5.3,7.0,1.0,160.0,36.0,23.0,61.0,0.8,0.6,0.09,0.39,0.0,0.0,0.0,0.0,48.0,0.0,0.7,40.0,0.14,0.1,0.6,0.06,0.0,56.0,0.47,0.0,44.0
64,6,グリンピース,99.0,72.2,5.9,8.3,0.1,0.0,0.2,12.2,18.5,3.0,340.0,32.0,39.0,80.0,2.2,1.2,0.19,0.68,0.0,0.0,0.0,0.0,36.0,0.0,0.1,31.0,0.29,0.14,2.2,0.09,0.0,70.0,0.54,0.0,16.0
65,6,おおさかしろな,16.0,94.0,1.2,1.6,0.1,0.0,0.3,1.5,3.1,20.0,240.0,140.0,15.0,46.0,1.0,0.5,0.05,0.29,0.0,0.0,0.0,0.0,130.0,0.0,1.9,240.0,0.03,0.09,0.3,0.07,0.0,86.0,0.12,0.0,24.0
66,6,おかひじき,16.0,92.9,0.0,1.2,0.0,0.0,0.1,1.1,3.8,66.0,510.0,150.0,48.0,34.0,0.9,0.6,0.1,0.59,0.0,0.0,0.0,0.0,260.0,0.0,1.0,360.0,0.04,0.1,0.4,0.03,0.0,85.0,0.22,0.0,15.0
67,6,オクラ,26.0,90.2,1.5,2.1,0.1,0.0,0.2,2.2,6.6,4.0,280.0,92.0,51.0,58.0,0.5,0.6,0.13,0.48,0.0,0.0,0.0,6.0,44.0,0.0,1.2,66.0,0.09,0.09,0.8,0.1,0.0,110.0,0.42,6.6,11.0
68,6,かぶ,20.0,92.3,2.0,2.3,0.1,0.0,0.1,1.4,3.9,24.0,330.0,250.0,25.0,42.0,2.1,0.3,0.1,0.64,6.0,3.0,2.0,16.0,230.0,0.0,3.1,340.0,0.08,0.16,0.9,0.16,0.0,110.0,0.36,2.7,82.0
69,6,かぼちゃ,41.0,86.7,1.1,1.6,0.0,0.0,0.1,8.6,10.9,1.0,420.0,20.0,15.0,55.0,0.5,0.3,0.08,0.08,0.0,0.0,0.0,1.0,120.0,0.0,2.2,26.0,0.08,0.05,0.9,0.15,0.0,80.0,0.5,1.9,16.0
70,6,西洋かぼちゃ,78.0,76.2,1.2,1.9,0.2,0.0,0.3,17.6,20.6,1.0,430.0,22.0,25.0,48.0,0.4,0.3,0.07,0.07,0.0,0.0,0.0,5.0,210.0,0.0,3.9,37.0,0.07,0.08,1.4,0.23,0.0,42.0,0.62,1.9,43.0
71,6,そうめんかぼちゃ,25.0,92.4,0.5,0.7,0.1,0.0,0.1,4.9,6.1,1.0,260.0,27.0,16.0,35.0,0.3,0.2,0.05,0.09,0.0,0.0,0.0,0.0,4.0,0.0,0.2,0.0,0.05,0.01,0.5,0.1,0.0,25.0,0.36,0.0,11.0
72,6,からしな,26.0,90.3,2.8,3.3,0.0,0.0,0.1,1.5,4.7,60.0,620.0,140.0,21.0,72.0,2.2,0.9,0.08,1.02,0.0,0.0,0.0,0.0,230.0,0.0,3.0,260.0,0.12,0.27,1.2,0.25,0.0,310.0,0.32,0.0,64.0
73,6,カリフラワー,26.0,91.5,1.9,2.7,0.1,0.0,0.1,2.4,5.1,8.0,220.0,23.0,13.0,37.0,0.7,0.4,0.03,0.17,0.0,0.0,0.0,0.0,1.0,0.0,0.2,31.0,0.05,0.05,0.2,0.13,0.0,88.0,0.84,0.0,53.0
74,6,かんぴょう,239.0,19.8,4.4,6.3,0.0,0.0,0.2,40.0,68.1,3.0,1800.0,250.0,110.0,140.0,2.9,1.8,0.62,1.6,2.0,2.0,5.0,13.0,0.0,0.0,0.4,0.0,0.0,0.04,2.7,0.04,0.0,99.0,1.75,8.0,0.0
75,6,きく,25.0,91.5,1.2,1.4,0.0,0.0,0.0,3.3,6.5,2.0,280.0,22.0,12.0,28.0,0.7,0.3,0.04,0.36,0.0,0.0,0.0,0.0,6.0,0.0,4.6,11.0,0.1,0.11,0.5,0.08,0.0,73.0,0.2,0.0,11.0
76,6,きく　菊のり,283.0,9.5,9.5,11.6,0.0,0.0,0.2,46.0,73.5,14.0,2500.0,160.0,140.0,250.0,11.0,2.2,0.62,1.34,0.0,0.0,0.0,0.0,15.0,0.0,25.0,62.0,0.73,0.89,3.8,0.69,0.0,370.0,1.5,0.0,10.0
77,6,キャベツ,23.0,92.9,0.8,1.2,0.0,0.0,0.1,3.7,5.2,5.0,190.0,42.0,14.0,26.0,0.3,0.1,0.02,0.13,0.0,0.0,0.0,2.0,2.0,0.0,0.1,79.0,0.04,0.03,0.2,0.1,0.0,66.0,0.19,1.5,38.0
78,6,レッドキャベツ,30.0,90.4,1.3,2.0,0.0,0.0,0.1,4.7,6.7,4.0,310.0,40.0,13.0,43.0,0.5,0.3,0.04,0.2,0.0,0.0,0.0,0.0,3.0,0.0,0.1,29.0,0.07,0.03,0.3,0.19,0.0,58.0,0.35,0.0,68.0
79,6,きゅうり,13.0,95.4,0.7,1.0,0.0,0.0,0.1,2.0,3.0,1.0,200.0,26.0,15.0,36.0,0.3,0.2,0.11,0.07,1.0,1.0,1.0,4.0,28.0,0.0,0.3,34.0,0.03,0.03,0.2,0.05,0.0,25.0,0.33,1.4,14.0
80,6,ぎょうじゃにんにく,35.0,88.8,2.4,3.5,0.1,0.0,0.2,4.5,6.6,2.0,340.0,29.0,22.0,30.0,1.4,0.4,0.16,0.0,0.0,0.0,0.0,0.0,170.0,0.0,0.4,320.0,0.1,0.16,0.8,0.15,0.0,85.0,0.39,0.0,59.0
81,6,キンサイ,16.0,93.5,0.9,1.1,0.2,0.0,0.4,1.4,3.5,27.0,360.0,140.0,26.0,56.0,0.5,0.5,0.02,0.52,0.0,0.0,0.0,0.0,150.0,0.0,1.2,180.0,0.05,0.11,0.6,0.08,0.0,47.0,0.35,0.0,15.0
82,6,クレソン,13.0,94.1,1.5,2.1,0.1,0.0,0.1,0.7,2.5,23.0,330.0,110.0,13.0,57.0,1.1,0.2,0.05,0.0,2.0,2.0,1.0,20.0,230.0,0.0,1.6,190.0,0.1,0.2,0.5,0.13,0.0,150.0,0.3,4.0,26.0
83,6,くわい,129.0,65.0,0.0,6.2,0.0,0.0,0.1,24.4,27.2,3.0,550.0,5.0,32.0,140.0,0.8,2.1,0.59,0.12,0.0,0.0,0.0,0.0,0.0,0.0,3.1,1.0,0.1,0.06,1.6,0.3,0.0,120.0,0.75,0.0,0.0
84,6,ケール,26.0,90.2,1.6,2.1,0.1,0.0,0.4,2.7,5.6,9.0,420.0,220.0,44.0,45.0,0.8,0.3,0.05,0.55,1.0,4.0,1.0,38.0,240.0,0.0,2.4,210.0,0.06,0.15,0.9,0.16,0.0,120.0,0.31,4.0,81.0
85,6,コールラビ,21.0,93.2,0.6,1.0,0.0,0.0,0.0,3.6,5.1,7.0,240.0,29.0,15.0,29.0,0.2,0.1,0.02,0.07,0.0,0.0,0.0,0.0,1.0,0.0,0.0,7.0,0.04,0.05,0.2,0.09,0.0,73.0,0.2,0.0,45.0
86,6,こごみ,25.0,90.7,2.2,3.0,0.0,0.0,0.2,0.9,5.3,1.0,350.0,26.0,31.0,69.0,0.6,0.7,0.26,0.33,0.0,0.0,0.0,0.0,100.0,0.0,1.7,120.0,0.0,0.12,2.9,0.03,0.0,150.0,0.6,0.0,27.0
87,6,ごぼう,50.0,83.9,0.9,1.5,0.2,0.0,0.2,8.2,13.7,11.0,210.0,48.0,40.0,46.0,0.7,0.7,0.16,0.16,0.0,0.0,0.0,0.0,0.0,0.0,0.6,0.0,0.03,0.02,0.2,0.09,0.0,61.0,0.19,0.0,1.0
88,6,こまつな,14.0,94.0,1.4,1.6,0.1,0.0,0.1,0.9,3.0,14.0,140.0,150.0,14.0,46.0,2.1,0.3,0.07,0.17,0.0,0.0,0.0,0.0,260.0,0.0,1.5,320.0,0.04,0.06,0.3,0.06,0.0,86.0,0.23,0.0,21.0
89,6,コリアンダー,18.0,92.4,0.0,1.4,0.0,0.0,0.4,0.1,4.6,4.0,590.0,84.0,16.0,59.0,1.4,0.4,0.09,0.39,2.0,0.0,2.0,23.0,150.0,0.0,1.9,190.0,0.09,0.11,1.3,0.11,0.0,69.0,0.52,6.2,40.0
90,6,ザーサイ,20.0,77.6,2.0,2.5,0.0,0.0,0.1,0.5,4.6,5400.0,680.0,140.0,19.0,67.0,2.9,0.4,0.1,0.34,0.0,0.0,0.0,0.0,1.0,0.0,0.2,24.0,0.04,0.07,0.4,0.09,0.0,14.0,0.35,0.0,0.0
91,6,さんとうさい,12.0,94.7,0.8,1.0,0.1,0.0,0.2,0.9,2.7,9.0,360.0,140.0,14.0,27.0,0.7,0.3,0.04,0.16,0.0,0.0,0.0,0.0,96.0,0.0,0.8,100.0,0.03,0.07,0.5,0.08,0.0,130.0,0.17,0.0,35.0
92,6,しかくまめ,19.0,92.8,2.0,2.4,0.0,0.0,0.1,1.0,3.8,1.0,270.0,80.0,38.0,48.0,0.7,0.3,0.09,0.54,0.0,0.0,0.0,0.0,36.0,0.0,0.4,63.0,0.09,0.09,0.8,0.1,0.0,29.0,0.36,0.0,16.0
93,6,ししとう,24.0,91.4,1.3,1.9,0.1,0.0,0.3,2.6,5.7,1.0,340.0,11.0,21.0,34.0,0.5,0.3,0.1,0.18,0.0,4.0,1.0,4.0,44.0,0.0,1.3,51.0,0.07,0.07,1.4,0.39,0.0,33.0,0.35,4.2,57.0
94,6,しそ,32.0,86.7,3.1,3.9,0.0,0.0,0.1,1.0,7.5,1.0,500.0,230.0,70.0,70.0,1.7,1.3,0.2,2.01,6.0,1.0,2.0,30.0,880.0,0.0,3.9,690.0,0.13,0.34,1.0,0.19,0.0,110.0,1.0,5.1,26.0
95,6,しそ,32.0,85.7,2.7,3.4,0.1,0.0,0.1,0.7,8.9,1.0,300.0,100.0,71.0,85.0,1.2,1.0,0.52,1.35,0.0,0.0,0.0,0.0,220.0,0.0,3.8,190.0,0.09,0.16,1.8,0.12,0.0,72.0,0.8,0.0,5.0
96,6,じゅうろくささげ,28.0,90.2,2.0,2.8,0.0,0.0,0.1,2.5,6.2,1.0,180.0,33.0,32.0,56.0,0.5,0.6,0.11,0.63,0.0,1.0,0.0,67.0,93.0,0.0,0.3,130.0,0.09,0.09,0.9,0.07,0.0,150.0,0.39,9.0,16.0
97,6,しゅんぎく,25.0,91.1,2.2,2.7,0.2,0.0,0.5,1.6,4.5,42.0,270.0,120.0,24.0,44.0,1.2,0.2,0.12,0.49,0.0,0.0,0.0,0.0,440.0,0.0,2.0,460.0,0.05,0.08,0.4,0.06,0.0,100.0,0.13,0.0,5.0
98,6,葉しょうが,9.0,96.3,0.4,0.5,0.1,0.0,0.2,0.7,2.1,5.0,310.0,15.0,21.0,21.0,0.4,0.4,0.05,4.73,0.0,0.0,0.0,0.0,0.0,0.0,0.1,0.0,0.02,0.03,0.3,0.08,0.0,14.0,0.07,0.0,3.0
99,6,しろうり,15.0,95.3,0.6,0.9,0.0,0.0,0.1,2.5,3.3,1.0,220.0,35.0,12.0,20.0,0.2,0.2,0.03,0.05,5.0,0.0,0.0,2.0,6.0,0.0,0.2,29.0,0.03,0.03,0.2,0.04,0.0,39.0,0.3,1.3,8.0
100,6,生ずいき,15.0,94.5,0.2,0.5,0.0,0.0,0.0,2.8,4.1,1.0,390.0,80.0,6.0,13.0,0.1,1.0,0.03,2.24,0.0,0.0,0.0,0.0,9.0,0.0,0.4,9.0,0.01,0.02,0.2,0.03,0.0,14.0,0.28,0.0,5.0
101,6,すいぜんじな,16.0,93.1,0.0,0.6,0.0,0.0,0.6,0.0,3.4,1.0,530.0,140.0,42.0,42.0,0.5,0.5,0.07,2.11,3.0,0.0,1.0,8.0,350.0,0.0,3.8,270.0,0.06,0.12,0.5,0.08,0.0,66.0,0.03,4.7,17.0
102,6,すぐきな,23.0,90.5,1.7,1.9,0.1,0.0,0.2,1.7,5.4,32.0,680.0,150.0,18.0,58.0,2.6,0.3,0.06,0.3,0.0,0.0,0.0,0.0,170.0,0.0,3.8,280.0,0.08,0.13,1.1,0.05,0.0,200.0,0.35,0.0,73.0
103,6,すぐきな,19.0,93.7,0.5,0.6,0.1,0.0,0.1,3.1,4.7,26.0,310.0,26.0,8.0,35.0,0.1,0.1,0.03,0.05,0.0,0.0,0.0,0.0,0.0,0.0,0.0,0.0,0.03,0.03,0.7,0.01,0.0,50.0,0.26,0.0,13.0
104,6,ズッキーニ,16.0,94.9,0.9,1.3,0.1,0.0,0.1,1.9,2.8,1.0,320.0,24.0,25.0,37.0,0.5,0.4,0.07,0.15,0.0,0.0,1.0,6.0,27.0,0.0,0.4,35.0,0.05,0.05,0.4,0.09,0.0,36.0,0.22,2.7,20.0
105,6,せり,17.0,93.4,1.9,2.0,0.1,0.0,0.1,1.0,3.3,19.0,410.0,34.0,24.0,51.0,1.6,0.3,0.15,1.24,0.0,0.0,0.0,0.0,160.0,0.0,0.7,160.0,0.04,0.13,1.2,0.11,0.0,110.0,0.42,0.0,20.0
106,6,セロリ,12.0,94.7,0.4,0.4,0.1,0.0,0.1,1.1,3.6,28.0,410.0,39.0,9.0,39.0,0.2,0.2,0.03,0.11,1.0,0.0,0.0,2.0,4.0,0.0,0.2,10.0,0.03,0.03,0.0,0.08,0.0,29.0,0.26,1.2,7.0
107,6,生ぜんまい,17.0,94.2,0.8,1.1,0.0,0.0,0.4,0.9,4.1,2.0,38.0,19.0,9.0,20.0,0.3,0.4,0.1,0.22,0.0,0.0,0.0,0.0,36.0,0.0,0.5,34.0,0.01,0.05,0.7,0.0,0.0,59.0,0.12,0.0,2.0
108,6,そらまめ,103.0,71.3,7.8,10.5,0.1,0.0,0.2,15.7,16.9,4.0,390.0,22.0,38.0,230.0,2.1,1.9,0.33,0.38,0.0,0.0,0.0,0.0,18.0,0.0,0.0,19.0,0.22,0.18,1.2,0.13,0.0,120.0,0.39,0.0,18.0
109,6,タアサイ,11.0,95.0,0.9,1.1,0.1,0.0,0.2,0.5,2.3,23.0,320.0,110.0,18.0,43.0,0.6,0.4,0.04,0.32,0.0,0.0,0.0,0.0,200.0,0.0,1.7,230.0,0.02,0.03,0.4,0.05,0.0,42.0,0.09,0.0,14.0
110,6,だいこん,15.0,94.6,0.4,0.5,0.0,0.0,0.1,2.9,4.1,19.0,230.0,24.0,10.0,18.0,0.2,0.2,0.02,0.04,3.0,1.0,0.0,3.0,0.0,0.0,0.0,0.0,0.02,0.01,0.3,0.04,0.0,34.0,0.12,0.3,12.0
111,6,たかな,21.0,92.7,1.5,1.8,0.0,0.0,0.2,2.0,4.2,43.0,300.0,87.0,16.0,35.0,1.7,0.3,0.04,0.24,2.0,0.0,4.0,4.0,190.0,0.0,0.8,120.0,0.06,0.1,0.4,0.16,0.0,180.0,0.27,2.1,69.0
112,6,たかな,30.0,87.2,1.5,1.9,0.0,0.0,0.6,2.1,6.2,1600.0,110.0,51.0,13.0,24.0,1.5,0.2,0.06,0.09,1.0,0.0,2.0,16.0,200.0,0.0,1.6,300.0,0.01,0.03,0.2,0.03,0.1,23.0,0.08,0.6,0.0
113,6,たけのこ,31.0,89.9,2.4,3.5,0.1,0.0,0.2,3.2,5.5,1.0,470.0,17.0,11.0,60.0,0.4,1.2,0.13,0.55,0.0,0.0,0.0,0.0,1.0,0.0,1.0,2.0,0.04,0.09,0.6,0.06,0.0,63.0,0.63,0.0,8.0
114,6,たまねぎ,33.0,90.1,0.7,1.0,0.0,1.0,0.1,7.1,8.4,2.0,150.0,17.0,9.0,31.0,0.3,0.2,0.05,0.15,1.0,1.0,0.0,1.0,0.0,0.0,0.0,0.0,0.04,0.01,0.1,0.14,0.0,15.0,0.17,0.6,7.0
115,6,たらのめ,27.0,90.2,0.0,4.2,0.0,0.0,0.2,0.1,4.3,1.0,460.0,16.0,33.0,120.0,0.9,0.8,0.35,0.47,0.0,1.0,0.0,1.0,48.0,0.0,2.4,99.0,0.15,0.2,2.5,0.22,0.0,160.0,0.53,6.7,7.0
116,6,チコリ,17.0,94.7,0.8,1.0,0.0,0.0,0.0,3.0,3.9,3.0,170.0,24.0,9.0,25.0,0.2,0.2,0.05,0.07,1.0,0.0,1.0,1.0,1.0,0.0,0.2,8.0,0.06,0.02,0.2,0.03,0.0,41.0,0.14,1.1,2.0
117,6,ちぢみゆきな,35.0,88.1,3.2,3.6,0.0,0.0,0.6,2.2,5.7,18.0,570.0,180.0,30.0,88.0,3.0,0.9,0.09,0.41,0.0,0.0,0.0,0.0,350.0,0.0,0.0,390.0,0.09,0.21,1.6,0.0,0.0,180.0,0.29,0.0,69.0
118,6,チンゲンサイ,9.0,96.0,0.7,0.6,0.1,0.0,0.1,0.7,2.0,32.0,260.0,100.0,16.0,27.0,1.1,0.3,0.07,0.12,0.0,1.0,1.0,7.0,170.0,0.0,0.7,84.0,0.03,0.07,0.3,0.08,0.0,66.0,0.17,1.3,24.0
119,6,つくし,31.0,86.9,0.0,3.5,0.0,0.0,0.1,0.0,8.1,6.0,640.0,50.0,33.0,94.0,2.1,1.1,0.22,0.22,0.0,0.0,0.0,0.0,88.0,0.0,4.9,19.0,0.07,0.14,2.2,0.35,0.0,110.0,0.9,0.0,33.0
120,6,つるな,15.0,93.8,0.0,1.8,0.0,0.0,0.1,0.5,2.8,5.0,300.0,48.0,35.0,75.0,3.0,0.5,0.06,0.81,0.0,0.0,0.0,0.0,230.0,0.0,1.3,310.0,0.08,0.3,1.0,0.13,0.0,90.0,0.46,0.0,22.0
121,6,つるにんじん,55.0,77.7,0.0,1.0,0.0,0.0,0.7,2.7,19.8,2.0,190.0,61.0,33.0,75.0,5.9,0.5,0.11,0.4,2.0,1.0,16.0,7.0,1.0,0.0,3.6,0.0,0.06,0.05,0.5,0.41,0.0,16.0,0.28,1.5,6.0
122,6,つるむらさき,11.0,95.1,0.5,0.7,0.0,0.0,0.2,0.6,2.6,9.0,210.0,150.0,67.0,28.0,0.5,0.4,0.05,0.29,0.0,0.0,0.0,0.0,250.0,0.0,1.1,350.0,0.03,0.07,0.3,0.09,0.0,78.0,0.21,0.0,41.0
123,6,つわぶき,19.0,93.3,0.0,0.4,0.0,0.0,0.0,3.1,5.6,100.0,410.0,38.0,15.0,11.0,0.2,0.1,0.02,0.23,0.0,0.0,0.0,0.0,5.0,0.0,0.4,8.0,0.01,0.04,0.4,0.02,0.0,16.0,0.1,0.0,4.0
124,6,とうがらし生,72.0,75.0,2.9,3.9,1.3,0.0,3.4,9.2,16.3,6.0,760.0,20.0,42.0,71.0,2.0,0.5,0.23,0.27,0.0,0.0,0.0,0.0,640.0,0.0,8.9,27.0,0.14,0.36,3.7,1.0,0.0,41.0,0.95,0.0,120.0
125,6,とうがらし乾,270.0,8.8,10.8,14.7,4.4,0.0,12.0,23.5,58.4,17.0,2800.0,74.0,190.0,260.0,6.8,1.5,0.85,1.08,0.0,0.0,0.0,0.0,1500.0,0.0,30.0,58.0,0.5,1.4,14.0,3.81,0.0,30.0,3.61,0.0,1.0
126,6,とうがん,15.0,95.2,0.3,0.5,0.1,0.0,0.1,2.7,3.8,1.0,200.0,19.0,7.0,18.0,0.2,0.1,0.02,0.02,7.0,0.0,0.0,4.0,0.0,0.0,0.1,1.0,0.01,0.01,0.4,0.03,0.0,26.0,0.21,0.2,39.0
127,6,スイートコーン,89.0,77.1,2.7,3.6,1.3,0.0,1.7,14.8,16.8,0.0,290.0,3.0,37.0,100.0,0.8,1.0,0.1,0.32,0.0,0.0,1.0,6.0,4.0,0.0,0.3,1.0,0.15,0.1,2.3,0.14,0.0,95.0,0.58,5.4,8.0
128,6,ヤングコーン,29.0,90.9,1.7,2.3,0.2,0.0,0.2,3.9,6.0,0.0,230.0,19.0,25.0,63.0,0.4,0.8,0.09,0.6,0.0,0.0,0.0,0.0,3.0,0.0,0.4,1.0,0.09,0.11,0.9,0.16,0.0,110.0,0.4,0.0,9.0
129,6,赤色トマト,20.0,94.0,0.5,0.7,0.1,0.0,0.1,3.5,4.7,3.0,210.0,7.0,9.0,26.0,0.2,0.1,0.04,0.08,0.0,1.0,0.0,2.0,45.0,0.0,0.9,4.0,0.05,0.02,0.7,0.08,0.0,22.0,0.17,2.3,15.0
130,6,赤色ミニトマト,30.0,91.0,0.8,1.1,0.1,0.0,0.1,5.6,7.2,4.0,290.0,12.0,13.0,29.0,0.4,0.2,0.06,0.1,4.0,0.0,0.0,4.0,80.0,0.0,0.9,7.0,0.07,0.05,0.8,0.11,0.0,35.0,0.17,3.6,32.0
131,6,黄色トマト,18.0,94.7,0.8,1.1,0.0,0.0,0.4,2.2,3.2,2.0,310.0,6.0,10.0,35.0,0.3,0.2,0.04,0.1,2.0,0.0,0.0,7.0,9.0,0.0,1.2,7.0,0.08,0.03,1.0,0.07,0.0,29.0,0.14,3.1,28.0
132,6,ドライトマト,291.0,9.5,9.3,14.2,1.1,0.0,2.1,47.8,67.3,120.0,3200.0,110.0,180.0,300.0,4.2,1.9,0.82,1.22,4.0,16.0,11.0,29.0,220.0,0.0,18.0,31.0,0.68,0.3,13.0,0.95,0.0,120.0,1.08,43.0,15.0
133,6,トレビス,17.0,94.1,0.9,1.1,0.1,0.0,0.2,2.3,3.9,11.0,290.0,21.0,11.0,34.0,0.3,0.2,0.06,0.15,0.0,0.0,0.0,0.0,1.0,0.0,0.1,13.0,0.04,0.04,0.2,0.03,0.0,41.0,0.24,0.0,6.0
134,6,とんぶり,89.0,76.7,0.0,6.1,2.6,0.0,3.5,6.7,12.9,5.0,190.0,15.0,74.0,170.0,2.8,1.4,0.25,0.78,0.0,0.0,0.0,0.0,67.0,0.0,4.6,120.0,0.11,0.17,0.3,0.16,0.0,100.0,0.48,0.0,1.0
135,6,ながさきはくさい,12.0,93.9,1.0,1.3,0.0,0.0,0.1,0.8,2.6,21.0,300.0,140.0,27.0,37.0,2.3,0.3,0.05,0.21,0.0,0.0,0.0,0.0,160.0,0.0,1.3,130.0,0.05,0.13,0.7,0.14,0.0,150.0,0.28,0.0,88.0
136,6,なす,18.0,93.2,0.7,1.1,0.0,1.0,0.1,3.0,5.1,0.0,220.0,18.0,17.0,30.0,0.3,0.2,0.06,0.16,0.0,0.0,0.0,10.0,8.0,0.0,0.3,10.0,0.05,0.05,0.5,0.05,0.0,32.0,0.33,2.3,4.0
137,6,なずな,35.0,86.8,0.0,4.3,0.0,0.0,0.1,1.6,7.0,3.0,440.0,290.0,34.0,92.0,2.4,0.7,0.16,1.0,0.0,0.0,0.0,0.0,430.0,0.0,2.5,330.0,0.15,0.27,0.5,0.32,0.0,180.0,1.1,0.0,110.0
138,6,和種なばな,34.0,88.4,3.6,4.4,0.1,0.0,0.2,2.5,5.8,16.0,390.0,160.0,29.0,86.0,2.9,0.7,0.09,0.32,1.0,1.0,1.0,6.0,180.0,0.0,2.9,250.0,0.16,0.28,1.3,0.26,0.0,340.0,0.73,12.0,130.0
139,6,にがうり,15.0,94.4,0.7,1.0,0.1,0.0,0.1,1.6,3.9,1.0,260.0,14.0,14.0,31.0,0.4,0.2,0.05,0.1,1.0,0.0,1.0,7.0,17.0,0.0,0.8,41.0,0.05,0.07,0.3,0.06,0.0,72.0,0.37,0.5,76.0
140,6,にら,18.0,92.6,1.3,1.7,0.1,0.0,0.3,1.9,4.0,1.0,510.0,48.0,18.0,31.0,0.7,0.3,0.07,0.39,1.0,1.0,1.0,15.0,290.0,0.0,2.5,180.0,0.06,0.13,0.6,0.16,0.0,100.0,0.5,2.1,19.0
141,6,（花にら,27.0,91.4,1.4,1.9,0.1,0.0,0.2,3.7,5.9,1.0,250.0,22.0,15.0,41.0,0.5,0.3,0.08,0.2,0.0,0.0,0.0,0.0,91.0,0.0,1.0,100.0,0.07,0.08,0.6,0.17,0.0,120.0,0.42,0.0,23.0
142,6,黄にら,18.0,94.0,1.5,2.1,0.0,0.0,0.1,1.9,3.3,0.0,180.0,15.0,11.0,35.0,0.7,0.2,0.07,0.18,0.0,0.0,0.0,0.0,5.0,0.0,0.3,29.0,0.05,0.08,0.7,0.12,0.0,76.0,0.38,0.0,15.0
143,6,にんじん,35.0,89.1,0.5,0.7,0.1,0.0,0.2,6.8,9.3,28.0,300.0,28.0,10.0,26.0,0.2,0.2,0.05,0.12,0.0,0.0,0.0,0.0,720.0,0.0,0.4,17.0,0.07,0.06,0.8,0.1,0.0,21.0,0.37,0.0,6.0
144,6,ミニキャロット,26.0,90.9,0.5,0.7,0.1,0.0,0.2,5.1,7.5,15.0,340.0,30.0,8.0,22.0,0.3,0.2,0.05,0.12,0.0,0.0,0.0,0.0,500.0,0.0,0.6,13.0,0.04,0.03,0.6,0.1,0.0,32.0,0.41,0.0,4.0
145,6,にんにく,129.0,63.9,4.0,6.4,0.5,0.0,0.9,24.1,27.5,8.0,510.0,14.0,24.0,160.0,0.8,0.8,0.16,0.28,0.0,1.0,0.0,16.0,0.0,0.0,0.5,0.0,0.19,0.07,0.7,1.53,0.0,93.0,0.55,2.0,12.0
146,6,根深ねぎ,35.0,89.6,1.0,1.4,0.0,2.0,0.1,6.4,8.3,0.0,200.0,36.0,13.0,27.0,0.3,0.3,0.04,0.12,0.0,0.0,0.0,2.0,7.0,0.0,0.2,8.0,0.05,0.04,0.4,0.12,0.0,72.0,0.17,1.0,14.0
147,6,のざわな,14.0,94.0,0.8,0.9,0.1,0.0,0.1,1.7,3.5,24.0,390.0,130.0,19.0,40.0,0.6,0.3,0.05,0.23,1.0,1.0,2.0,10.0,100.0,0.0,0.5,100.0,0.06,0.1,0.7,0.11,0.0,110.0,0.17,1.4,41.0
148,6,のびる,63.0,80.2,0.0,3.2,0.1,0.0,0.2,8.7,15.5,2.0,590.0,100.0,21.0,96.0,2.6,1.0,0.06,0.41,0.0,0.0,0.0,0.0,67.0,0.0,1.3,160.0,0.08,0.22,1.1,0.16,0.0,110.0,0.29,0.0,60.0
149,6,はくさい,13.0,95.2,0.6,0.8,0.0,0.0,0.1,2.1,3.2,6.0,220.0,43.0,10.0,33.0,0.3,0.2,0.03,0.11,1.0,0.0,0.0,6.0,8.0,0.0,0.2,59.0,0.03,0.03,0.6,0.09,0.0,61.0,0.25,1.4,19.0
150,6,パクチョイ,15.0,94.0,0.0,1.6,0.1,0.0,0.2,1.0,2.7,12.0,450.0,100.0,27.0,39.0,0.8,0.3,0.04,0.25,1.0,1.0,1.0,6.0,150.0,0.0,0.9,190.0,0.07,0.12,0.8,0.11,0.0,140.0,0.34,2.6,45.0
151,6,バジル,21.0,91.5,1.2,2.0,0.5,0.0,0.6,0.9,4.0,1.0,420.0,240.0,69.0,41.0,1.5,0.6,0.2,1.91,0.0,0.0,0.0,0.0,520.0,0.0,3.5,440.0,0.08,0.19,0.6,0.11,0.0,69.0,0.29,0.0,16.0
152,6,パセリ,34.0,84.7,3.2,4.0,0.5,0.0,0.7,1.9,7.8,9.0,1000.0,290.0,42.0,61.0,7.5,1.0,0.16,1.05,7.0,3.0,4.0,39.0,620.0,0.0,3.3,850.0,0.12,0.24,1.2,0.27,0.0,220.0,0.48,4.1,120.0
153,6,はつかだいこん,13.0,95.3,0.7,0.8,0.1,0.0,0.1,1.7,3.1,8.0,220.0,21.0,11.0,46.0,0.3,0.1,0.02,0.05,0.0,0.0,0.0,0.0,0.0,0.0,0.0,1.0,0.02,0.02,0.1,0.07,0.0,53.0,0.18,0.0,19.0
154,6,はなっこりー,34.0,89.5,0.0,3.6,0.0,0.0,0.5,2.2,5.4,5.0,380.0,51.0,22.0,79.0,0.5,0.5,0.06,0.28,0.0,1.0,0.0,3.0,97.0,0.0,1.3,140.0,0.09,0.15,1.0,0.23,0.0,220.0,0.5,8.5,90.0
155,6,はやとうり,20.0,94.0,0.4,0.6,0.1,0.0,0.1,4.0,4.9,0.0,170.0,12.0,10.0,21.0,0.3,0.1,0.03,0.15,0.0,0.0,0.0,0.0,0.0,0.0,0.2,9.0,0.02,0.03,0.3,0.04,0.0,44.0,0.46,0.0,11.0
156,6,ビーツ,38.0,87.6,1.0,1.6,0.1,0.0,0.1,7.2,9.3,30.0,460.0,12.0,18.0,23.0,0.4,0.3,0.09,0.15,0.0,0.0,0.0,0.0,0.0,0.0,0.1,0.0,0.05,0.05,0.3,0.07,0.0,110.0,0.31,0.0,5.0
157,6,青ピーマン,20.0,93.4,0.7,0.9,0.1,0.0,0.2,3.0,5.1,1.0,190.0,11.0,11.0,22.0,0.4,0.2,0.06,0.1,0.0,0.0,1.0,3.0,33.0,0.0,0.8,20.0,0.03,0.03,0.6,0.19,0.0,26.0,0.3,1.6,76.0
158,6,赤ピーマン,28.0,91.1,0.8,1.0,0.2,0.0,0.2,5.8,7.2,0.0,210.0,7.0,10.0,22.0,0.4,0.2,0.03,0.13,0.0,0.0,0.0,0.0,88.0,0.0,4.3,7.0,0.06,0.14,1.2,0.37,0.0,68.0,0.28,0.0,170.0
159,6,オレンジピーマン,19.0,94.2,0.7,0.9,0.1,0.0,0.3,2.8,4.2,0.0,230.0,5.0,10.0,26.0,0.3,0.2,0.04,0.1,0.0,0.0,0.0,6.0,53.0,0.0,3.1,4.0,0.04,0.03,1.3,0.32,0.0,53.0,0.21,2.3,150.0
160,6,黄ピーマン,28.0,92.0,0.6,0.8,0.1,0.0,0.2,5.7,6.6,0.0,200.0,8.0,10.0,21.0,0.3,0.2,0.04,0.15,0.0,0.0,0.0,0.0,17.0,0.0,2.4,3.0,0.04,0.03,1.0,0.26,0.0,54.0,0.25,0.0,150.0
161,6,トマピー,33.0,90.9,0.8,1.0,0.0,0.0,0.2,6.1,7.5,0.0,210.0,8.0,8.0,29.0,0.4,0.3,0.07,0.12,0.0,0.0,0.0,0.0,160.0,0.0,4.3,4.0,0.05,0.09,1.2,0.56,0.0,45.0,0.33,0.0,200.0
162,6,ひのな,17.0,92.5,0.8,1.0,0.0,0.0,0.0,1.9,4.7,10.0,480.0,130.0,21.0,51.0,0.8,0.2,0.04,0.17,0.0,0.0,0.0,0.0,98.0,0.0,0.7,93.0,0.05,0.13,0.7,0.14,0.0,92.0,0.18,0.0,52.0
163,6,ひろしまな,19.0,92.7,1.1,1.5,0.1,0.0,0.2,2.3,4.2,28.0,550.0,200.0,32.0,55.0,0.8,0.3,0.04,0.54,1.0,1.0,3.0,15.0,160.0,0.0,1.3,160.0,0.06,0.15,0.7,0.1,0.0,120.0,0.47,2.2,49.0
164,6,ふき,11.0,95.8,0.0,0.3,0.0,0.0,0.0,1.7,3.0,35.0,330.0,40.0,6.0,18.0,0.1,0.2,0.05,0.36,0.0,0.0,0.0,2.0,4.0,0.0,0.2,6.0,0.0,0.02,0.1,0.01,0.0,12.0,0.07,0.2,2.0
165,6,ふきのとう,38.0,85.5,0.0,2.5,0.0,0.0,0.1,3.6,10.0,4.0,740.0,61.0,49.0,89.0,1.3,0.8,0.36,0.23,0.0,0.0,0.0,0.0,33.0,0.0,3.2,92.0,0.1,0.17,0.9,0.18,0.0,160.0,0.45,0.0,14.0
166,6,ふじまめ,32.0,89.2,0.0,2.5,0.1,0.0,0.1,3.0,7.4,0.0,300.0,43.0,33.0,63.0,0.8,0.4,0.07,0.33,0.0,0.0,0.0,0.0,20.0,0.0,0.1,29.0,0.08,0.1,0.9,0.08,0.0,120.0,0.35,0.0,13.0
167,6,ふだんそう,17.0,92.2,0.0,2.0,0.1,0.0,0.1,0.4,3.7,71.0,1200.0,75.0,74.0,33.0,3.6,0.3,0.06,3.6,0.0,0.0,0.0,0.0,310.0,0.0,1.7,180.0,0.07,0.23,0.4,0.25,0.0,120.0,0.53,0.0,19.0
168,6,ブロッコリー,37.0,86.2,3.8,5.4,0.3,0.0,0.6,3.1,6.6,7.0,460.0,50.0,29.0,110.0,1.3,0.8,0.1,0.28,0.0,2.0,0.0,11.0,75.0,0.0,3.0,210.0,0.17,0.23,1.0,0.3,0.0,220.0,1.42,13.0,140.0
169,6,ブロッコリー　芽ばえ,18.0,94.3,1.3,1.9,0.3,0.0,0.6,1.6,2.6,4.0,100.0,57.0,32.0,60.0,0.7,0.4,0.03,0.37,0.0,0.0,0.0,0.0,120.0,0.0,1.9,150.0,0.08,0.11,1.3,0.2,0.0,74.0,0.52,0.0,64.0
170,6,へちま,17.0,94.9,0.5,0.8,0.1,0.0,0.1,3.1,3.8,1.0,150.0,12.0,12.0,25.0,0.3,0.2,0.06,0.07,0.0,0.0,0.0,0.0,4.0,0.0,0.3,12.0,0.03,0.04,0.2,0.07,0.0,92.0,0.3,0.0,5.0
171,6,ほうれんそう,18.0,92.4,1.7,2.2,0.2,0.0,0.4,0.1,3.1,16.0,690.0,49.0,69.0,47.0,2.0,0.7,0.11,0.32,3.0,3.0,2.0,5.0,350.0,0.0,2.1,270.0,0.11,0.2,0.6,0.14,0.0,210.0,0.2,2.9,35.0
172,6,ホースラディシュ,69.0,77.3,2.5,3.1,0.3,0.0,0.3,10.2,17.7,1.0,510.0,110.0,65.0,58.0,1.0,2.3,0.19,0.4,0.0,0.0,0.0,1.0,1.0,0.0,0.0,0.0,0.1,0.1,0.5,0.23,0.0,99.0,0.32,5.5,73.0
173,6,まこも,19.0,93.5,0.9,1.3,0.1,0.0,0.2,2.6,4.4,3.0,240.0,2.0,8.0,42.0,0.2,0.2,0.02,0.25,0.0,0.0,0.0,0.0,1.0,0.0,0.0,2.0,0.04,0.03,0.5,0.08,0.0,43.0,0.25,0.0,6.0
174,6,みずかけな,25.0,91.1,2.5,2.9,0.1,0.0,0.1,2.4,4.7,7.0,400.0,110.0,23.0,64.0,1.0,0.3,0.07,0.17,0.0,0.0,0.0,0.0,190.0,0.0,0.9,200.0,0.11,0.23,1.1,0.17,0.0,240.0,0.55,0.0,88.0
175,6,みずな,23.0,91.4,1.9,2.2,0.0,0.0,0.1,2.1,4.8,36.0,480.0,210.0,31.0,64.0,2.1,0.5,0.07,0.41,7.0,2.0,3.0,20.0,110.0,0.0,1.8,120.0,0.08,0.15,0.7,0.18,0.0,140.0,0.5,3.1,55.0
176,6,切りみつば,16.0,93.8,0.9,1.0,0.0,0.0,0.1,1.6,4.0,8.0,640.0,25.0,17.0,50.0,0.3,0.1,0.07,0.14,3.0,1.0,0.0,3.0,61.0,0.0,0.7,63.0,0.03,0.09,0.4,0.04,0.0,44.0,0.29,1.9,8.0
177,6,根みつば,19.0,92.7,1.8,1.9,0.0,0.0,0.1,1.3,4.1,5.0,500.0,52.0,21.0,64.0,1.8,0.2,0.07,0.42,0.0,0.0,0.0,0.0,140.0,0.0,1.1,120.0,0.05,0.13,1.0,0.06,0.0,66.0,0.33,0.0,22.0
178,6,糸みつば,12.0,94.6,0.8,0.9,0.0,0.0,0.1,0.7,2.9,3.0,500.0,47.0,21.0,47.0,0.9,0.1,0.02,0.42,0.0,0.0,0.0,0.0,270.0,0.0,0.9,220.0,0.04,0.14,0.7,0.06,0.0,64.0,0.3,0.0,13.0
179,6,みぶな,14.0,93.9,0.9,1.1,0.1,0.0,0.3,1.4,2.9,32.0,490.0,110.0,30.0,34.0,0.5,0.2,0.03,0.22,0.0,0.0,0.0,0.0,150.0,0.0,0.9,160.0,0.04,0.07,0.7,0.11,0.0,110.0,0.12,0.0,38.0
180,6,みょうが,11.0,95.6,0.7,0.9,0.0,0.0,0.1,0.7,2.6,1.0,210.0,25.0,30.0,12.0,0.5,0.4,0.05,1.17,1.0,1.0,0.0,8.0,3.0,0.0,0.1,20.0,0.05,0.05,0.4,0.07,0.0,25.0,0.2,1.1,2.0
181,6,みょうがたけ,6.0,97.1,0.3,0.4,0.0,0.0,0.1,0.5,1.5,0.0,350.0,11.0,7.0,18.0,0.3,0.3,0.03,1.44,0.0,0.0,0.0,0.0,1.0,0.0,0.1,8.0,0.02,0.02,0.1,0.02,0.0,13.0,0.07,0.0,1.0
182,6,むかご,87.0,75.1,1.8,2.9,0.1,0.0,0.2,17.5,20.6,3.0,570.0,5.0,19.0,64.0,0.6,0.4,0.15,0.05,0.0,0.0,0.0,0.0,2.0,0.0,0.4,0.0,0.11,0.02,0.3,0.07,0.0,20.0,0.6,0.0,9.0
183,6,めキャベツ,52.0,83.2,3.9,5.7,0.1,0.0,0.1,6.2,9.9,5.0,610.0,37.0,25.0,73.0,1.0,0.6,0.07,0.29,0.0,0.0,0.0,0.0,59.0,0.0,0.6,150.0,0.19,0.23,0.9,0.27,0.0,240.0,0.76,0.0,160.0
184,6,めたで,39.0,87.0,0.0,3.0,0.0,0.0,0.5,2.5,8.8,9.0,140.0,49.0,70.0,110.0,2.3,0.9,0.09,7.66,0.0,0.0,0.0,0.0,410.0,0.0,4.8,360.0,0.15,0.21,1.1,0.27,0.0,77.0,0.29,0.0,67.0
185,6,アルファルファもやし,11.0,96.0,0.0,1.6,0.1,0.0,0.1,0.6,2.0,7.0,43.0,14.0,13.0,37.0,0.5,0.4,0.09,0.1,1.0,1.0,0.0,16.0,5.0,0.0,1.9,47.0,0.07,0.09,0.2,0.1,0.0,56.0,0.46,4.4,5.0
186,6,だいずもやし,29.0,92.0,2.8,3.6,1.2,0.0,1.4,1.2,2.5,3.0,160.0,25.0,23.0,54.0,0.5,0.3,0.11,0.28,1.0,5.0,0.0,57.0,2.0,0.0,0.3,71.0,0.08,0.06,0.4,0.08,0.0,44.0,0.24,4.9,4.0
187,6,ブラックマッペもやし,17.0,94.7,1.4,2.2,0.0,0.0,0.0,2.1,2.8,8.0,65.0,16.0,12.0,32.0,0.4,0.3,0.07,0.09,1.0,1.0,0.0,37.0,0.0,0.0,0.0,7.0,0.04,0.06,0.5,0.06,0.0,42.0,0.43,2.7,10.0
188,6,りょくとうもやし,15.0,95.4,1.3,1.8,0.1,0.0,0.1,1.7,2.4,3.0,79.0,9.0,8.0,27.0,0.2,0.2,0.08,0.06,2.0,0.0,0.0,44.0,0.0,0.0,0.1,2.0,0.04,0.05,0.3,0.05,0.0,36.0,0.2,1.7,7.0
189,6,モロヘイヤ,36.0,86.1,3.6,4.8,0.4,0.0,0.5,1.8,6.3,1.0,530.0,260.0,46.0,110.0,1.0,0.6,0.33,1.32,4.0,1.0,2.0,15.0,840.0,0.0,6.5,640.0,0.18,0.42,1.1,0.35,0.0,250.0,1.83,14.0,65.0
190,6,やぶまめ,219.0,45.8,0.0,15.5,0.0,0.0,6.5,19.7,29.5,3.0,1100.0,44.0,110.0,240.0,4.6,0.9,0.19,0.6,0.0,0.0,0.0,280.0,0.0,0.0,0.0,0.0,0.0,0.0,0.0,0.0,0.0,0.0,0.0,0.0,0.0
191,6,ゆりね,119.0,66.5,2.4,3.8,0.0,0.0,0.1,24.3,28.3,1.0,740.0,10.0,25.0,71.0,1.0,0.7,0.16,0.96,1.0,1.0,2.0,1.0,0.0,0.0,0.5,0.0,0.08,0.07,0.7,0.12,0.0,77.0,0.0,1.6,9.0
192,6,ようさい,17.0,93.0,1.7,2.2,0.0,0.0,0.1,0.5,3.1,26.0,380.0,74.0,28.0,44.0,1.5,0.5,0.2,1.07,0.0,0.0,0.0,0.0,360.0,0.0,2.2,250.0,0.1,0.2,1.0,0.11,0.0,120.0,0.4,0.0,19.0
193,6,よめな,40.0,84.6,2.7,3.4,0.0,0.0,0.2,2.9,10.0,2.0,800.0,110.0,42.0,89.0,3.7,0.7,0.24,0.78,0.0,0.0,0.0,0.0,560.0,0.0,4.1,440.0,0.23,0.32,3.2,0.1,0.0,170.0,0.5,0.0,42.0
194,6,よもぎ,43.0,83.6,4.2,5.2,0.0,0.0,0.3,1.9,8.7,10.0,890.0,180.0,29.0,100.0,4.3,0.6,0.29,0.84,0.0,0.0,0.0,0.0,440.0,0.0,3.2,340.0,0.19,0.34,2.4,0.08,0.0,190.0,0.55,0.0,35.0
195,6,らっかせい,306.0,50.1,11.2,12.0,23.9,0.0,24.2,9.5,12.4,1.0,450.0,15.0,100.0,200.0,0.9,1.2,0.5,0.75,0.0,1.0,0.0,58.0,0.0,0.0,7.2,0.0,0.54,0.09,10.0,0.21,0.0,150.0,1.4,44.0,20.0
196,6,らっきょう,83.0,68.3,0.9,1.4,0.1,0.0,0.2,9.2,29.3,2.0,230.0,14.0,14.0,35.0,0.5,0.5,0.06,0.45,1.0,1.0,0.0,14.0,0.0,0.0,0.8,1.0,0.07,0.05,2.1,0.12,0.0,29.0,0.56,0.9,23.0
197,6,エシャレット,59.0,79.1,1.4,2.3,0.1,0.0,0.2,7.3,17.8,2.0,290.0,20.0,14.0,47.0,0.8,0.5,0.06,0.37,0.0,0.0,0.0,0.0,2.0,0.0,0.4,6.0,0.03,0.05,0.8,0.11,0.0,55.0,0.33,0.0,21.0
198,6,リーキ,30.0,90.8,1.2,1.6,0.1,0.0,0.1,4.9,6.9,2.0,230.0,31.0,11.0,27.0,0.7,0.3,0.03,0.25,0.0,0.0,0.0,0.0,4.0,0.0,0.3,9.0,0.06,0.08,0.4,0.24,0.0,76.0,0.17,0.0,11.0
199,6,ルッコラ,17.0,92.7,0.0,1.9,0.1,0.0,0.4,0.8,3.1,14.0,480.0,170.0,46.0,40.0,1.6,0.8,0.07,0.69,0.0,0.0,0.0,0.0,300.0,0.0,1.4,210.0,0.06,0.17,0.5,0.11,0.0,170.0,0.55,0.0,66.0
200,6,ルバーブ,23.0,92.1,0.0,0.7,0.1,0.0,0.1,3.5,6.0,1.0,400.0,74.0,19.0,37.0,0.2,0.1,0.02,0.05,0.0,0.0,0.0,0.0,3.0,0.0,0.2,7.0,0.04,0.05,0.2,0.02,0.0,31.0,0.1,0.0,5.0
201,6,レタス,11.0,95.9,0.5,0.6,0.0,0.0,0.1,1.9,2.8,2.0,200.0,19.0,8.0,22.0,0.3,0.2,0.04,0.13,1.0,0.0,0.0,0.0,20.0,0.0,0.3,29.0,0.05,0.03,0.2,0.05,0.0,73.0,0.2,1.2,5.0
202,6,サラダな,10.0,94.9,0.8,1.0,0.1,0.0,0.2,1.1,2.7,6.0,410.0,56.0,14.0,49.0,2.4,0.2,0.04,0.0,0.0,0.0,0.0,0.0,180.0,0.0,1.4,110.0,0.06,0.13,0.3,0.06,0.0,71.0,0.25,0.0,14.0
203,6,リーフレタス,16.0,94.0,1.0,1.4,0.1,0.0,0.1,1.8,3.3,6.0,490.0,58.0,15.0,41.0,1.0,0.5,0.06,0.34,7.0,0.0,3.0,5.0,200.0,0.0,1.3,160.0,0.1,0.1,0.4,0.1,0.0,110.0,0.24,2.9,21.0
204,6,サニーレタス,15.0,94.1,0.7,1.2,0.1,0.0,0.2,1.7,3.2,4.0,410.0,66.0,15.0,31.0,1.8,0.4,0.05,0.43,0.0,0.0,0.0,0.0,170.0,0.0,1.2,160.0,0.1,0.1,0.3,0.08,0.0,120.0,0.14,0.0,17.0
205,6,サンチュ,14.0,94.5,1.0,1.2,0.2,0.0,0.4,1.0,2.5,3.0,470.0,62.0,19.0,39.0,0.5,0.2,0.01,0.69,0.0,0.0,0.0,0.0,320.0,0.0,0.7,220.0,0.06,0.1,0.4,0.08,0.0,91.0,0.08,0.0,13.0
206,6,コスレタス,16.0,94.5,0.8,1.2,0.1,0.0,0.2,2.0,3.4,16.0,250.0,29.0,12.0,39.0,0.5,0.3,0.03,0.23,0.0,0.0,0.0,0.0,43.0,0.0,0.7,54.0,0.06,0.06,0.3,0.05,0.0,120.0,0.23,0.0,8.0
207,6,れんこん,66.0,81.5,1.3,1.9,0.0,0.0,0.1,14.1,15.5,24.0,440.0,20.0,16.0,74.0,0.5,0.3,0.09,0.78,9.0,1.0,0.0,1.0,0.0,0.0,0.6,0.0,0.1,0.01,0.4,0.09,0.0,14.0,0.89,2.9,48.0
208,6,わけぎ,30.0,90.3,1.1,1.6,0.0,0.0,0.0,5.1,7.4,1.0,230.0,59.0,23.0,25.0,0.4,0.2,0.04,0.23,0.0,0.0,0.0,0.0,220.0,0.0,1.4,170.0,0.06,0.1,0.3,0.18,0.0,120.0,0.21,0.0,37.0
209,6,わさび,89.0,74.2,0.0,5.6,0.0,0.0,0.2,14.0,18.4,24.0,500.0,100.0,46.0,79.0,0.8,0.7,0.03,0.14,1.0,9.0,1.0,2.0,1.0,0.0,1.4,49.0,0.06,0.15,0.6,0.32,0.0,50.0,0.2,3.5,75.0
210,6,わらび,19.0,92.7,1.8,2.4,0.0,0.0,0.1,1.0,4.0,0.0,370.0,12.0,25.0,47.0,0.7,0.6,0.13,0.14,0.0,0.0,0.0,0.0,18.0,0.0,1.6,17.0,0.02,1.09,0.8,0.05,0.0,130.0,0.45,0.0,11.0
211,6,干しわらび,216.0,10.4,14.5,20.0,0.0,0.0,0.7,8.9,61.4,6.0,3200.0,200.0,330.0,480.0,11.0,6.2,1.2,1.63,0.0,0.0,0.0,0.0,110.0,0.0,4.6,180.0,0.12,0.46,5.1,0.06,0.0,140.0,2.7,0.0,0.0
212,7,あけび　果肉,89.0,77.1,0.0,0.5,0.0,0.0,0.1,20.9,22.0,0.0,95.0,11.0,14.0,22.0,0.3,0.1,0.09,0.15,0.0,0.0,0.0,0.0,0.0,0.0,0.2,0.0,0.07,0.03,0.3,0.08,0.0,30.0,0.29,0.0,65.0
213,7,あけび　果皮,32.0,90.4,0.0,0.3,0.0,0.0,0.3,5.5,8.6,2.0,240.0,18.0,9.0,13.0,0.1,0.1,0.05,0.17,0.0,0.0,0.0,0.0,0.0,0.0,0.6,0.0,0.03,0.06,0.1,0.09,0.0,16.0,0.47,0.0,9.0
214,7,アサイー,62.0,87.7,0.0,0.9,0.0,0.0,5.3,0.0,5.0,11.0,150.0,45.0,20.0,19.0,0.5,0.3,0.19,5.91,1.0,6.0,60.0,3.0,34.0,0.0,3.7,91.0,0.03,0.06,0.6,0.11,0.0,13.0,0.1,14.0,1.0
215,7,アセロラ,36.0,89.9,0.0,0.7,0.0,0.0,0.1,7.2,9.0,7.0,130.0,11.0,10.0,18.0,0.5,0.5,0.31,0.0,0.0,0.0,0.0,0.0,31.0,0.0,0.7,0.0,0.03,0.04,0.3,0.0,0.0,45.0,0.25,0.0,1700.0
216,7,アテモヤ,81.0,77.7,1.1,1.8,0.3,0.0,0.4,16.9,19.4,4.0,340.0,26.0,29.0,24.0,0.3,0.2,0.09,0.2,0.0,0.0,0.0,0.0,0.0,0.0,0.2,0.0,0.08,0.12,0.9,0.28,0.0,23.0,0.23,0.0,14.0
217,7,アボカド,176.0,71.3,1.6,2.1,15.5,0.0,17.5,4.8,7.9,7.0,590.0,8.0,34.0,52.0,0.6,0.7,0.24,0.19,0.0,1.0,0.0,2.0,7.0,0.0,3.3,21.0,0.09,0.2,1.8,0.29,0.0,83.0,1.55,5.3,12.0
218,7,あんず,37.0,89.8,0.8,1.0,0.2,0.0,0.3,6.9,8.5,2.0,200.0,9.0,8.0,15.0,0.3,0.1,0.04,0.21,0.0,0.0,0.0,1.0,120.0,0.0,1.7,0.0,0.02,0.02,0.0,0.05,0.0,2.0,0.3,0.5,3.0
219,7,いちご,31.0,90.0,0.7,0.9,0.1,0.0,0.1,6.6,8.5,0.0,170.0,17.0,13.0,31.0,0.3,0.2,0.05,0.2,1.0,0.0,0.0,9.0,1.0,0.0,0.4,2.0,0.03,0.02,0.4,0.04,0.0,90.0,0.33,0.8,62.0
220,7,どらいいちご,329.0,15.4,0.4,0.5,0.2,0.0,0.2,80.1,82.8,260.0,15.0,140.0,5.0,9.0,0.4,0.1,0.07,0.22,5.0,3.0,0.0,76.0,2.0,0.0,0.7,21.0,0.0,0.0,0.1,0.01,0.0,4.0,0.02,7.0,0.0
221,7,いちじく,57.0,84.6,0.4,0.6,0.1,0.0,0.1,12.5,14.3,2.0,170.0,26.0,14.0,16.0,0.3,0.2,0.06,0.08,0.0,0.0,0.0,4.0,1.0,0.0,0.4,3.0,0.03,0.03,0.2,0.07,0.0,22.0,0.23,0.4,2.0
222,7,うめ,33.0,90.4,0.4,0.7,0.4,0.0,0.5,5.8,7.9,2.0,240.0,12.0,8.0,14.0,0.6,0.1,0.05,0.07,0.0,0.0,0.0,1.0,20.0,0.0,3.3,3.0,0.03,0.05,0.4,0.06,0.0,8.0,0.35,0.5,6.0
223,7,グリーンオリーブ,148.0,75.6,0.7,1.0,14.6,0.0,15.0,1.9,4.5,1400.0,47.0,79.0,13.0,8.0,0.3,0.2,0.17,0.04,0.0,0.0,0.0,0.0,38.0,0.0,5.5,2.0,0.01,0.02,0.0,0.03,0.0,3.0,0.0,0.0,12.0
224,7,ブラックオリーブ,121.0,81.6,0.6,0.8,12.0,0.0,12.3,1.5,3.4,640.0,10.0,68.0,11.0,5.0,0.8,0.2,0.17,0.08,0.0,0.0,0.0,0.0,0.0,0.0,4.6,1.0,0.05,0.06,0.3,0.02,0.0,2.0,0.0,0.0,0.0
225,7,スタッフドオリーブ,141.0,75.4,0.6,0.8,0.0,0.0,14.3,0.7,4.2,2000.0,28.0,83.0,13.0,5.0,0.3,0.1,0.14,0.03,0.0,0.0,0.0,0.0,44.0,0.0,5.3,2.0,0.01,0.01,0.0,0.02,0.0,1.0,0.0,0.0,11.0
226,7,甘がき,63.0,83.1,0.3,0.4,0.1,0.0,0.2,14.5,15.9,1.0,170.0,9.0,6.0,14.0,0.2,0.1,0.03,0.5,0.0,0.0,1.0,1.0,35.0,0.0,0.1,2.0,0.03,0.02,0.3,0.06,0.0,18.0,0.28,2.0,70.0
227,7,渋抜きがき,59.0,82.2,0.3,0.5,0.0,0.0,0.1,14.3,16.9,1.0,200.0,7.0,6.0,16.0,0.1,0.0,0.02,0.6,0.0,0.0,0.0,0.0,25.0,0.0,0.2,2.0,0.02,0.02,0.3,0.05,0.0,20.0,0.27,1.1,55.0
228,7,かりん,58.0,80.7,0.0,0.4,0.1,0.0,0.1,9.4,18.3,2.0,270.0,12.0,12.0,17.0,0.3,0.2,0.09,0.05,0.0,0.0,0.0,0.0,11.0,0.0,0.6,0.0,0.01,0.03,0.3,0.04,0.0,12.0,0.31,0.0,25.0
229,7,いよかん　砂じょう,50.0,86.7,0.5,0.9,0.0,0.0,0.1,11.1,11.8,2.0,190.0,17.0,14.0,18.0,0.2,0.1,0.04,0.07,0.0,0.0,0.0,0.0,13.0,0.0,0.1,0.0,0.06,0.03,0.3,0.07,0.0,19.0,0.36,0.0,35.0
230,7,うんしゅうみかん,49.0,87.4,0.4,0.7,0.0,0.0,0.1,11.4,11.5,1.0,150.0,15.0,10.0,15.0,0.1,0.1,0.03,0.05,0.0,0.0,0.0,0.0,92.0,0.0,0.4,0.0,0.09,0.03,0.3,0.05,0.0,22.0,0.23,0.4,33.0
231,7,オレンジ　ネーブル,48.0,86.8,0.5,0.9,0.1,0.0,0.1,10.3,11.8,1.0,180.0,24.0,9.0,22.0,0.2,0.1,0.06,0.06,0.0,0.0,0.0,0.0,11.0,0.0,0.3,0.0,0.07,0.04,0.3,0.06,0.0,34.0,0.28,0.6,60.0
232,7,オレンジ　バレンシア,42.0,88.7,0.7,1.0,0.1,0.0,0.1,9.4,9.8,1.0,140.0,21.0,11.0,24.0,0.3,0.2,0.06,0.05,0.0,0.0,0.0,1.0,10.0,0.0,0.3,0.0,0.1,0.03,0.4,0.07,0.0,32.0,0.36,0.9,40.0
233,7,オロブランコ,43.0,88.7,0.5,0.8,0.0,0.0,0.1,9.5,10.1,1.0,150.0,12.0,9.0,19.0,0.2,0.1,0.05,0.02,0.0,0.0,0.0,0.0,0.0,0.0,0.3,0.0,0.09,0.02,0.3,0.04,0.0,34.0,0.47,0.0,38.0
234,7,かぼす,36.0,90.7,0.0,0.4,0.0,0.0,0.1,8.4,8.5,1.0,140.0,7.0,8.0,8.0,0.1,0.0,0.03,0.04,0.0,0.0,0.0,0.0,1.0,0.0,0.1,0.0,0.02,0.02,0.1,0.03,0.0,13.0,0.15,0.0,42.0
235,7,かわちばんかん,38.0,90.0,0.4,0.7,0.0,0.0,0.2,8.5,8.8,1.0,160.0,10.0,10.0,21.0,0.1,0.1,0.03,0.02,0.0,0.0,0.0,0.0,4.0,0.0,0.2,0.0,0.06,0.02,0.3,0.05,0.0,13.0,0.13,0.0,36.0
236,7,きよみ,45.0,88.4,0.4,0.8,0.0,0.0,0.2,10.1,10.3,1.0,170.0,11.0,11.0,21.0,0.1,0.1,0.04,0.05,0.0,0.0,1.0,0.0,45.0,0.0,0.3,0.0,0.1,0.02,0.3,0.08,0.0,24.0,0.27,0.3,42.0
237,7,きんかん,67.0,80.8,0.0,0.5,0.3,0.0,0.7,13.3,17.5,2.0,180.0,80.0,19.0,12.0,0.3,0.1,0.03,0.11,0.0,0.0,0.0,0.0,11.0,0.0,2.6,0.0,0.1,0.06,0.6,0.06,0.0,20.0,0.29,0.0,49.0
238,7,グレープフルーツ,40.0,89.0,0.5,0.9,0.1,0.0,0.1,8.3,9.6,1.0,140.0,15.0,9.0,17.0,0.0,0.1,0.04,0.01,0.0,0.0,0.0,1.0,0.0,0.0,0.3,0.0,0.07,0.03,0.3,0.04,0.0,15.0,0.39,0.5,36.0
239,7,さんぼうかん,47.0,87.6,0.4,0.7,0.0,0.0,0.3,10.3,10.9,2.0,280.0,23.0,11.0,19.0,0.2,0.1,0.06,0.05,0.0,0.0,0.0,0.0,4.0,0.0,0.2,0.0,0.07,0.03,0.4,0.06,0.0,16.0,0.35,0.0,39.0
240,7,シークヮーサー,35.0,90.9,0.0,0.8,0.0,0.0,0.1,7.6,7.9,2.0,180.0,17.0,15.0,8.0,0.1,0.1,0.06,0.06,0.0,0.0,0.0,0.0,7.0,0.0,0.5,0.0,0.08,0.03,0.3,0.03,0.0,7.0,0.1,0.0,11.0
241,7,しらぬひ,56.0,85.8,0.5,0.8,0.0,0.0,0.2,12.6,12.9,0.0,170.0,9.0,9.0,18.0,0.1,0.1,0.03,0.07,0.0,0.0,1.0,0.0,30.0,0.0,0.3,0.0,0.09,0.03,0.3,0.04,0.0,17.0,0.25,0.4,48.0
242,7,すだち,29.0,92.5,0.0,0.5,0.0,0.0,0.1,6.5,6.6,1.0,140.0,16.0,15.0,11.0,0.2,0.2,0.03,0.05,0.0,0.0,0.0,0.0,0.0,0.0,0.3,0.0,0.03,0.02,0.2,0.08,0.0,13.0,0.13,0.0,40.0
243,7,せとか,50.0,86.9,0.5,0.8,0.0,0.0,0.2,11.3,11.7,1.0,170.0,11.0,10.0,17.0,0.1,0.1,0.03,0.09,0.0,0.0,0.0,0.0,77.0,0.0,0.4,0.0,0.08,0.03,0.3,0.05,0.0,29.0,0.13,0.0,57.0
244,7,セミノール,53.0,86.0,0.0,1.1,0.0,0.0,0.1,11.6,12.4,2.0,200.0,24.0,16.0,18.0,0.2,0.1,0.04,0.1,0.0,0.0,0.0,0.0,89.0,0.0,0.3,0.0,0.01,0.04,0.3,0.09,0.0,27.0,0.45,0.0,41.0
245,7,だいだい,35.0,91.2,0.0,0.3,0.0,0.0,0.2,8.0,8.0,1.0,190.0,10.0,10.0,8.0,0.1,0.0,0.02,0.02,0.0,0.0,0.0,0.0,2.0,0.0,0.1,0.0,0.03,0.02,0.4,0.02,0.0,13.0,0.12,0.0,35.0
246,7,なつみかん,42.0,88.6,0.5,0.9,0.0,0.0,0.1,9.2,10.0,1.0,190.0,16.0,10.0,21.0,0.2,0.1,0.05,0.04,0.0,0.0,0.0,0.0,7.0,0.0,0.3,0.0,0.08,0.03,0.4,0.05,0.0,25.0,0.29,0.0,38.0
247,7,はっさく,47.0,87.2,0.5,0.8,0.0,0.0,0.1,10.3,11.5,1.0,180.0,13.0,10.0,17.0,0.1,0.1,0.04,0.03,0.0,0.0,0.0,0.0,9.0,0.0,0.3,0.0,0.06,0.03,0.2,0.07,0.0,16.0,0.3,0.0,40.0
248,7,はるみ,52.0,86.5,0.5,0.9,0.0,0.0,0.2,11.7,12.1,0.0,170.0,9.0,10.0,16.0,0.1,0.1,0.03,0.05,0.0,0.0,0.0,0.0,57.0,0.0,0.3,0.0,0.11,0.02,0.2,0.05,0.0,19.0,0.21,0.0,40.0
249,7,ひゅうがなつ,46.0,87.2,0.3,0.6,0.0,0.0,0.1,9.9,11.7,1.0,130.0,23.0,8.0,11.0,0.2,0.1,0.03,0.08,0.0,0.0,0.0,0.0,1.0,0.0,0.3,0.0,0.05,0.03,0.3,0.06,0.0,16.0,0.23,0.0,26.0
250,7,ひゅうがなつ,35.0,90.7,0.3,0.6,0.0,0.0,0.1,7.9,8.3,1.0,110.0,5.0,6.0,9.0,0.1,0.0,0.02,0.04,0.0,0.0,0.0,0.0,1.0,0.0,0.1,0.0,0.06,0.03,0.2,0.05,0.0,13.0,0.27,0.0,21.0
251,7,ぶんたん,41.0,89.0,0.4,0.7,0.0,0.0,0.1,9.2,9.8,1.0,180.0,13.0,7.0,19.0,0.1,0.1,0.04,0.02,0.0,0.0,0.0,0.0,1.0,0.0,0.5,0.0,0.03,0.04,0.3,0.0,0.0,16.0,0.32,0.0,45.0
252,7,ぽんかん,42.0,88.8,0.5,0.9,0.0,0.0,0.1,9.3,9.9,1.0,160.0,16.0,9.0,16.0,0.1,0.0,0.02,0.09,0.0,0.0,0.0,0.0,52.0,0.0,0.2,0.0,0.08,0.04,0.2,0.05,0.0,13.0,0.24,0.0,40.0
253,7,（かんきつ類）　ゆず　果皮　生,50.0,83.7,0.9,1.2,0.1,0.0,0.5,8.0,14.2,5.0,140.0,41.0,15.0,9.0,0.3,0.1,0.02,0.12,0.0,0.0,0.0,1.0,20.0,0.0,3.4,0.0,0.07,0.1,0.5,0.09,0.0,21.0,0.89,3.6,160.0
254,7,（かんきつ類）　ライム　果汁　生,39.0,89.8,0.3,0.4,0.0,0.0,0.1,9.2,9.3,1.0,160.0,16.0,9.0,16.0,0.2,0.1,0.03,0.01,0.0,0.0,0.0,0.0,0.0,0.0,0.2,1.0,0.03,0.02,0.1,0.05,0.0,17.0,0.16,0.0,33.0
255,7,（かんきつ類）　レモン　果汁　生,24.0,90.5,0.3,0.4,0.1,0.0,0.2,2.1,8.6,2.0,100.0,7.0,8.0,9.0,0.1,0.1,0.02,0.03,0.0,0.0,0.0,1.0,1.0,0.0,0.1,0.0,0.04,0.02,0.1,0.05,0.0,19.0,0.18,0.3,50.0
256,7,キウイフルーツ　緑肉種　生,51.0,84.7,0.8,1.0,0.2,0.0,0.2,9.1,13.4,1.0,300.0,26.0,14.0,30.0,0.3,0.1,0.1,0.09,0.0,1.0,0.0,0.0,4.0,0.0,1.3,6.0,0.01,0.02,0.3,0.11,0.0,37.0,0.31,1.4,71.0
257,7,キウイフルーツ　黄肉種　生,63.0,83.2,0.0,1.1,0.2,0.0,0.2,13.6,14.9,2.0,300.0,17.0,12.0,25.0,0.2,0.1,0.07,0.04,0.0,0.0,0.0,0.0,3.0,0.0,2.5,6.0,0.02,0.02,0.3,0.14,0.0,32.0,0.26,0.0,140.0
258,7,きはだ　実　乾,378.0,13.1,0.0,7.3,0.0,0.0,9.8,65.1,65.1,17.0,2100.0,230.0,88.0,240.0,1.7,0.6,0.36,0.69,6.0,1.0,3.0,110.0,5.0,0.0,1.3,87.0,0.17,0.18,1.4,0.53,0.0,12.0,1.83,23.0,0.0
259,7,キワノ　生,41.0,89.2,0.0,1.5,0.0,0.0,0.9,5.4,8.0,2.0,170.0,10.0,34.0,42.0,0.4,0.4,0.09,0.13,0.0,0.0,0.0,0.0,3.0,0.0,0.7,0.0,0.03,0.01,0.2,0.04,0.0,2.0,0.14,0.0,2.0
260,7,グァバ　赤肉種　生,33.0,88.9,0.3,0.6,0.1,0.0,0.1,5.1,9.9,3.0,240.0,8.0,8.0,16.0,0.1,0.1,0.06,0.09,0.0,0.0,0.0,0.0,50.0,0.0,0.3,2.0,0.03,0.04,0.8,0.06,0.0,41.0,0.32,0.0,220.0
261,7,くこ　実　乾,387.0,4.8,6.6,12.3,0.0,0.0,4.1,81.0,75.3,510.0,1400.0,47.0,77.0,180.0,4.0,1.2,0.69,0.71,2.0,3.0,6.0,13.0,250.0,0.0,5.7,10.0,0.28,0.4,4.6,0.32,0.0,99.0,0.71,24.0,9.0
262,7,ぐみ　生,72.0,81.0,0.0,1.3,0.0,0.0,0.2,15.2,17.2,2.0,130.0,10.0,4.0,24.0,0.2,0.1,0.1,0.15,0.0,0.0,0.0,0.0,32.0,0.0,2.2,0.0,0.01,0.04,0.3,0.02,0.0,15.0,0.45,0.0,5.0
263,7,ココナッツ　ココナッツウォーター,22.0,94.3,0.2,0.2,0.1,0.0,0.1,5.0,5.0,11.0,230.0,11.0,6.0,11.0,0.1,0.1,0.0,0.16,0.0,0.0,0.0,0.0,0.0,0.0,0.0,0.0,0.01,0.01,0.1,0.0,0.0,1.0,0.0,0.0,2.0
264,7,ココナッツ　ココナッツミルク,157.0,78.8,1.8,1.9,14.9,0.0,16.0,3.8,2.8,12.0,230.0,5.0,28.0,49.0,0.8,0.3,0.22,0.59,0.0,0.0,0.0,0.0,0.0,0.0,0.0,0.0,0.01,0.0,0.4,0.02,0.0,4.0,0.0,0.0,0.0
265,7,ココナッツ　ナタデココ,80.0,79.7,0.0,0.0,0.0,0.0,0.0,19.7,20.2,2.0,0.0,1.0,1.0,0.0,0.0,0.0,0.0,0.0,0.0,0.0,0.0,0.0,0.0,0.0,0.0,0.0,0.0,0.0,0.0,0.0,0.0,0.0,0.0,0.0,0.0
266,7,さくらんぼ　国産　生,64.0,83.1,0.8,1.0,0.1,0.0,0.2,14.2,15.2,1.0,210.0,13.0,6.0,17.0,0.3,0.1,0.05,0.0,0.0,0.0,0.0,1.0,8.0,0.0,0.5,2.0,0.03,0.03,0.2,0.02,0.0,38.0,0.24,0.7,10.0
267,7,ざくろ　生,63.0,83.9,0.0,0.2,0.0,0.0,0.0,15.5,15.5,1.0,250.0,8.0,6.0,15.0,0.1,0.2,0.06,0.05,0.0,0.0,0.0,0.0,0.0,0.0,0.1,12.0,0.01,0.01,0.2,0.04,0.0,6.0,0.32,0.0,10.0
268,7,すいか　赤肉種　生,41.0,89.6,0.3,0.6,0.1,0.0,0.1,9.5,9.5,1.0,120.0,4.0,11.0,8.0,0.2,0.1,0.03,0.03,0.0,0.0,0.0,1.0,69.0,0.0,0.1,0.0,0.03,0.02,0.2,0.07,0.0,3.0,0.22,0.9,10.0
269,7,（すぐり類）　赤すぐり　冷凍,43.0,86.0,0.4,0.8,0.1,0.0,0.3,7.2,12.2,1.0,200.0,21.0,6.0,17.0,0.4,0.1,0.08,0.11,2.0,0.0,5.0,1.0,1.0,0.0,1.0,13.0,0.03,0.01,0.4,0.0,0.0,0.0,0.0,4.3,33.0
270,7,（すぐり類）　カシス　冷凍,62.0,79.4,1.1,1.6,1.1,0.0,1.6,6.4,13.4,0.0,270.0,40.0,19.0,54.0,0.5,0.2,0.08,0.26,0.0,0.0,1.0,4.0,9.0,0.0,2.1,30.0,0.03,0.03,0.3,0.0,0.0,0.0,0.0,5.7,0.0
271,7,（すぐり類）　グーズベリー　生,51.0,85.2,0.0,1.0,0.0,0.0,0.1,10.7,13.2,1.0,200.0,14.0,10.0,24.0,1.3,0.1,0.05,0.15,0.0,0.0,0.0,0.0,10.0,0.0,1.0,0.0,0.02,0.02,0.2,0.02,0.0,47.0,0.4,0.0,22.0
272,7,スターフルーツ　生,30.0,91.4,0.5,0.7,0.1,0.0,0.1,5.9,7.5,1.0,140.0,5.0,9.0,10.0,0.2,0.2,0.02,0.1,0.0,0.0,0.0,0.0,6.0,0.0,0.2,0.0,0.03,0.02,0.3,0.02,0.0,11.0,0.38,0.0,12.0
273,7,（すもも類）　にほんすもも　生,46.0,88.6,0.4,0.6,0.0,0.0,1.0,8.0,9.4,1.0,150.0,5.0,5.0,14.0,0.2,0.1,0.03,0.07,0.0,0.0,1.0,1.0,7.0,0.0,0.6,0.0,0.02,0.02,0.3,0.04,0.0,37.0,0.14,0.2,4.0
274,7,（すもも類）　プルーン　生,49.0,86.2,0.5,0.7,0.1,0.0,0.1,10.2,12.6,1.0,220.0,6.0,7.0,14.0,0.2,0.1,0.06,0.09,0.0,0.0,0.0,0.0,40.0,0.0,1.3,20.0,0.03,0.03,0.5,0.06,0.0,35.0,0.22,0.0,4.0
275,7,チェリモヤ　生,82.0,78.1,0.8,1.3,0.2,0.0,0.3,18.2,19.8,8.0,230.0,9.0,12.0,20.0,0.2,0.1,0.08,0.07,0.0,0.0,0.0,0.0,0.0,0.0,0.2,0.0,0.09,0.09,0.7,0.23,0.0,90.0,0.36,0.0,34.0
276,7,ドラゴンフルーツ　生,52.0,85.7,0.0,1.4,0.0,0.0,0.3,9.9,11.8,0.0,350.0,6.0,41.0,29.0,0.3,0.3,0.03,0.09,0.0,0.0,0.0,0.0,0.0,0.0,0.4,0.0,0.08,0.06,0.4,0.05,0.0,44.0,0.53,0.0,7.0
277,7,ドリアン　生,140.0,66.4,0.0,2.3,2.8,0.0,3.3,25.5,27.1,0.0,510.0,5.0,27.0,36.0,0.3,0.3,0.19,0.31,0.0,1.0,0.0,10.0,3.0,0.0,2.3,0.0,0.33,0.2,1.4,0.25,0.0,150.0,0.22,5.9,31.0
278,7,（なし類）　日本なし　生,38.0,88.0,0.2,0.3,0.1,0.0,0.1,9.0,11.3,0.0,140.0,2.0,5.0,11.0,0.0,0.1,0.06,0.04,0.0,0.0,0.0,0.0,0.0,0.0,0.1,5.0,0.02,0.0,0.2,0.02,0.0,6.0,0.14,0.5,3.0
279,7,（なし類）　中国なし　生,49.0,86.8,0.1,0.2,0.1,0.0,0.1,11.4,12.7,1.0,140.0,2.0,5.0,8.0,0.1,0.0,0.05,0.03,0.0,0.0,0.0,0.0,0.0,0.0,0.2,0.0,0.02,0.01,0.2,0.02,0.0,6.0,0.14,0.0,6.0
280,7,（なし類）　西洋なし　生,48.0,84.9,0.2,0.3,0.1,0.0,0.1,9.6,14.4,0.0,140.0,5.0,4.0,13.0,0.1,0.1,0.12,0.04,0.0,0.0,0.0,1.0,0.0,0.0,0.3,4.0,0.02,0.01,0.2,0.02,0.0,4.0,0.09,0.3,3.0
281,7,なつめ　乾,294.0,21.0,0.0,3.9,0.0,0.0,2.0,58.9,71.4,3.0,810.0,65.0,39.0,80.0,1.5,0.8,0.24,0.46,0.0,0.0,0.0,0.0,1.0,0.0,0.1,0.0,0.1,0.21,1.6,0.14,0.0,140.0,0.86,0.0,1.0
282,7,なつめやし　乾,281.0,24.8,1.2,2.2,0.0,0.0,0.2,65.4,71.3,0.0,550.0,71.0,60.0,58.0,0.8,0.4,0.4,0.38,0.0,0.0,0.0,0.0,13.0,0.0,1.4,3.0,0.07,0.04,1.8,0.16,0.0,19.0,0.94,0.0,0.0
283,7,パインアップル　生,54.0,85.2,0.4,0.6,0.1,0.0,0.1,11.9,13.7,0.0,150.0,11.0,14.0,9.0,0.2,0.1,0.11,1.33,0.0,0.0,0.0,0.0,3.0,0.0,0.0,1.0,0.09,0.02,0.2,0.1,0.0,12.0,0.23,0.2,35.0
284,7,ハスカップ　生,55.0,85.5,0.0,0.7,0.0,0.0,0.6,10.7,12.8,0.0,190.0,38.0,11.0,25.0,0.6,0.1,0.06,0.0,0.0,0.0,0.0,0.0,11.0,0.0,1.1,0.0,0.02,0.03,0.5,0.04,0.0,7.0,0.29,0.0,44.0
285,7,パッションフルーツ　果汁　生,67.0,82.0,0.0,0.8,0.0,0.0,0.4,13.4,16.2,5.0,280.0,4.0,15.0,21.0,0.6,0.4,0.08,0.1,0.0,0.0,0.0,0.0,89.0,0.0,0.2,1.0,0.01,0.09,1.9,0.18,0.0,86.0,0.63,0.0,16.0
286,7,バナナ　生,93.0,75.4,0.7,1.1,0.1,0.0,0.2,21.1,22.5,0.0,360.0,6.0,32.0,27.0,0.3,0.2,0.09,0.26,0.0,1.0,0.0,7.0,5.0,0.0,0.5,0.0,0.05,0.04,0.7,0.38,0.0,26.0,0.44,1.4,16.0
287,7,バナナ　乾,314.0,14.3,2.4,3.8,0.2,0.0,0.4,70.5,78.5,1.0,1300.0,26.0,92.0,84.0,1.1,0.6,0.25,1.31,0.0,0.0,0.0,0.0,70.0,0.0,1.4,2.0,0.07,0.12,1.4,1.04,0.0,34.0,1.13,0.0,0.0
288,7,パパイア　完熟　生,33.0,89.2,0.2,0.5,0.2,0.0,0.2,7.6,9.5,6.0,210.0,20.0,26.0,11.0,0.2,0.1,0.05,0.04,0.0,0.0,0.0,1.0,40.0,0.0,0.3,2.0,0.02,0.04,0.3,0.01,0.0,44.0,0.42,0.2,50.0
289,7,パパイア　未熟　生,35.0,88.7,0.6,1.3,0.1,0.0,0.1,7.9,9.4,5.0,190.0,36.0,19.0,17.0,0.3,0.1,0.03,0.02,0.0,0.0,0.0,0.0,10.0,0.0,0.1,2.0,0.03,0.04,0.3,0.01,0.0,38.0,0.55,0.0,45.0
290,7,びわ　生,41.0,88.6,0.2,0.3,0.1,0.0,0.1,9.1,10.6,1.0,160.0,13.0,14.0,9.0,0.1,0.2,0.04,0.27,0.0,0.0,0.0,0.0,68.0,0.0,0.1,0.0,0.02,0.03,0.2,0.06,0.0,9.0,0.22,0.1,5.0
291,7,ぶどう　皮なし　生,58.0,83.5,0.2,0.4,0.0,0.0,0.1,14.8,15.7,1.0,130.0,6.0,6.0,15.0,0.1,0.1,0.05,0.12,0.0,0.0,0.0,0.0,2.0,0.0,0.1,0.0,0.04,0.01,0.1,0.04,0.0,4.0,0.1,0.7,2.0
292,7,ぶどう　皮つき　シャインマスカット　生,61.0,82.5,0.4,0.7,0.0,0.0,0.2,15.1,16.1,0.0,210.0,7.0,6.0,23.0,0.2,0.0,0.06,0.05,1.0,0.0,0.0,1.0,3.0,0.0,0.5,31.0,0.05,0.01,0.1,0.06,0.0,19.0,0.04,0.8,2.0
293,7,ぶどう　干しぶどう,324.0,14.5,2.0,2.7,0.1,0.0,0.2,75.9,80.3,12.0,740.0,65.0,31.0,90.0,2.3,0.3,0.39,0.2,3.0,0.0,9.0,12.0,1.0,0.0,0.5,0.0,0.12,0.03,0.6,0.23,0.0,9.0,0.17,4.3,0.0
294,7,ブルーベリー　生,48.0,86.4,0.3,0.5,0.1,0.0,0.1,9.8,12.9,1.0,70.0,8.0,5.0,9.0,0.2,0.1,0.04,0.26,0.0,0.0,0.0,1.0,5.0,0.0,1.7,15.0,0.03,0.03,0.2,0.05,0.0,12.0,0.12,1.1,9.0
295,7,ホワイトサポテ　生,73.0,79.0,1.2,1.5,0.1,0.0,0.1,16.1,18.9,0.0,220.0,13.0,17.0,28.0,0.2,0.2,0.09,0.09,0.0,0.0,0.0,0.0,1.0,0.0,0.4,0.0,0.05,0.05,0.6,0.06,0.0,36.0,0.22,0.0,18.0
296,7,まくわうり　黄肉種　生,34.0,90.8,0.6,0.8,0.1,0.0,0.1,7.0,7.8,1.0,280.0,6.0,12.0,8.0,0.2,0.1,0.02,0.05,0.0,0.0,0.0,0.0,15.0,0.0,0.1,0.0,0.03,0.03,0.8,0.06,0.0,50.0,0.16,0.0,30.0
297,7,マルメロ　生,48.0,84.2,0.0,0.3,0.1,0.0,0.1,10.0,15.1,1.0,160.0,11.0,7.0,14.0,0.1,0.2,0.05,0.02,0.0,0.0,0.0,0.0,4.0,0.0,1.0,0.0,0.02,0.02,0.2,0.05,0.0,12.0,0.25,0.0,18.0
298,7,マンゴー　生,68.0,82.0,0.5,0.6,0.1,0.0,0.1,15.7,16.9,1.0,170.0,15.0,12.0,12.0,0.2,0.1,0.08,0.1,0.0,0.0,0.0,0.0,51.0,0.0,1.8,3.0,0.04,0.06,0.7,0.13,0.0,84.0,0.22,0.8,20.0
299,7,マンゴー　ドライマンゴー,339.0,9.3,2.3,3.1,0.3,0.0,0.7,76.6,84.9,1.0,1100.0,37.0,57.0,81.0,0.5,0.6,0.2,0.53,2.0,2.0,1.0,2.0,500.0,0.0,6.8,16.0,0.27,0.21,3.4,0.43,0.0,260.0,0.46,5.3,69.0
300,7,マンゴスチン　生,71.0,81.5,0.0,0.6,0.0,0.0,0.2,16.1,17.5,1.0,100.0,6.0,18.0,12.0,0.1,0.2,0.07,0.35,0.0,1.0,0.0,0.0,0.0,0.0,0.6,0.0,0.11,0.03,0.5,0.04,0.0,20.0,0.33,0.6,3.0
301,7,メロン　温室メロン　生,40.0,87.8,0.7,1.1,0.1,0.0,0.1,10.3,10.3,7.0,340.0,8.0,13.0,21.0,0.3,0.2,0.05,0.04,0.0,2.0,1.0,4.0,3.0,0.0,0.2,3.0,0.06,0.02,0.5,0.1,0.0,32.0,0.19,0.9,18.0
302,7,（もも類）　もも　白肉種　生,38.0,88.7,0.4,0.6,0.1,0.0,0.1,8.4,10.2,1.0,180.0,4.0,7.0,18.0,0.1,0.1,0.05,0.04,0.0,0.0,0.0,1.0,0.0,0.0,0.7,1.0,0.01,0.01,0.6,0.02,0.0,5.0,0.13,0.3,8.0
303,7,（もも類）　ネクタリン　生,39.0,87.8,0.4,0.7,0.2,0.0,0.3,8.7,10.7,1.0,210.0,5.0,10.0,16.0,0.2,0.1,0.08,0.06,0.0,0.0,0.0,0.0,20.0,0.0,1.4,2.0,0.02,0.03,0.7,0.01,0.0,12.0,0.2,0.0,10.0
304,7,やまもも　生,47.0,87.8,0.0,0.5,0.0,0.0,0.2,10.2,11.3,4.0,120.0,4.0,7.0,5.0,0.4,0.1,0.03,0.22,0.0,0.0,0.0,0.0,2.0,0.0,0.3,0.0,0.04,0.03,0.3,0.05,0.0,26.0,0.21,0.0,4.0
305,7,ライチー　生,61.0,82.1,0.6,1.0,0.1,0.0,0.1,15.9,16.4,0.0,170.0,2.0,13.0,22.0,0.2,0.2,0.14,0.17,0.0,0.0,0.0,0.0,0.0,0.0,0.1,0.0,0.02,0.06,1.0,0.09,0.0,100.0,0.0,0.0,36.0
306,7,ラズベリー　生,36.0,88.2,0.0,1.1,0.0,0.0,0.1,5.4,10.2,1.0,150.0,22.0,21.0,29.0,0.7,0.4,0.12,0.5,0.0,0.0,0.0,0.0,2.0,0.0,0.8,6.0,0.02,0.04,0.6,0.07,0.0,38.0,0.43,0.0,22.0
307,7,りゅうがん　乾,310.0,19.4,3.2,5.1,0.3,0.0,0.4,72.1,72.9,2.0,1000.0,30.0,43.0,94.0,1.7,0.7,0.68,0.2,0.0,0.0,0.0,0.0,0.0,0.0,0.1,0.0,0.03,0.74,2.5,0.2,0.0,20.0,0.0,0.0,0.0
308,7,りんご　皮なし　生,53.0,84.1,0.1,0.1,0.0,0.0,0.2,13.0,15.5,0.0,120.0,3.0,3.0,12.0,0.1,0.0,0.05,0.02,0.0,0.0,1.0,0.0,1.0,0.0,0.1,0.0,0.02,0.0,0.1,0.04,0.0,2.0,0.03,0.5,4.0